"Data","Ultimo","Apertura","Massimo","Minimo","Vol.","Var. %"
"17.06.2024","26,2700","26,3500","26,3500","26,2700","0,00K","-1,24%"
"14.06.2024","26,6000","26,4500","26,6000","26,4500","0,60K","-1,15%"
"13.06.2024","26,9100","26,5000","26,9100","26,5000","0,32K","-1,32%"
"12.06.2024","27,2700","26,3100","27,2700","26,0900","1,30K","3,41%"
"11.06.2024","26,3700","26,4100","26,4100","26,2300","0,50K","-1,42%"
"10.06.2024","26,7500","26,6900","26,7500","26,6900","0,06K","-0,26%"
"07.06.2024","26,8200","27,7900","27,7900","26,5600","0,25K","-8,84%"
"05.06.2024","29,4200","29,4200","29,4200","29,4200","1,08K","5,03%"
"27.05.2024","28,0100","27,7800","28,0100","27,7800","0,00K","-0,64%"
"24.05.2024","28,1900","28,2100","28,2100","28,0400","0,04K","-1,26%"
"23.05.2024","28,5500","29,0700","29,0700","28,5500","0,06K","0,78%"
"22.05.2024","28,3300","28,3300","28,3300","28,3300","0,00K","-1,84%"
"21.05.2024","28,8600","29,1600","29,1600","28,8600","0,16K","-1,94%"
"20.05.2024","29,4300","29,9500","29,9500","29,4300","0,35K","-0,30%"
"17.05.2024","29,5200","29,5200","29,5200","29,5200","0,04K","-0,61%"
"16.05.2024","29,7000","30,2200","30,2200","29,7000","1,19K","-0,47%"
"15.05.2024","29,8400","28,7000","29,9300","28,7000","1,22K","6,69%"
"14.05.2024","27,9700","27,8100","27,9700","27,8100","0,80K","1,01%"
"13.05.2024","27,6900","27,8700","27,8700","27,6900","0,93K","-0,07%"
"10.05.2024","27,7100","28,0500","28,0500","27,7100","0,15K","0,40%"
"09.05.2024","27,6000","27,6400","27,6400","27,6000","0,16K","-0,83%"
"08.05.2024","27,8300","28,2100","28,2100","27,8300","0,04K","-2,69%"
"07.05.2024","28,6000","28,6800","28,8500","28,6000","0,60K","1,78%"
"03.05.2024","28,1000","27,5400","28,1700","27,5400","0,88K","3,27%"
"02.05.2024","27,2100","27,3400","27,4000","27,2100","1,03K","0,26%"
"30.04.2024","27,1400","27,5000","27,7200","27,1400","2,69K","3,83%"
"29.04.2024","26,1400","26,1400","26,1400","26,1400","0,47K","2,11%"
"25.04.2024","25,6000","25,6000","25,6000","25,6000","1,01K","-0,39%"
"24.04.2024","25,7000","25,7000","25,7000","25,7000","0,02K","2,19%"
"19.04.2024","25,1500","25,1500","25,1500","25,1500","1,00K","2,28%"
"17.04.2024","24,5900","24,6800","24,6800","24,4700","0,32K","-0,97%"
"16.04.2024","24,8300","24,6300","24,8300","24,6300","0,05K","-2,13%"
"15.04.2024","25,3700","25,3700","25,3700","25,3700","0,14K","1,89%"
"11.04.2024","24,9000","24,9000","24,9000","24,9000","1,00K","-2,89%"
"08.04.2024","25,6400","25,5800","25,6400","25,5800","0,60K","0,63%"
"05.04.2024","25,4800","25,4800","25,4800","25,4800","0,30K","-1,81%"
"04.04.2024","25,9500","26,1000","26,1000","25,9500","0,23K","-1,48%"
"03.04.2024","26,3400","26,1000","26,3400","26,1000","0,55K","-0,23%"
"02.04.2024","26,4000","26,3000","26,4000","26,2900","0,14K","-3,08%"
"28.03.2024","27,2400","27,2100","27,2400","27,2100","0,28K","-0,04%"
"27.03.2024","27,2500","27,2500","27,2500","27,2500","0,15K","-1,27%"
"26.03.2024","27,6000","27,0200","27,6000","27,0200","0,73K","3,37%"
"25.03.2024","26,7000","26,6000","26,8200","26,6000","0,28K","0,04%"
"22.03.2024","26,6900","26,5400","26,6900","26,5400","0,32K","2,26%"
"21.03.2024","26,1000","26,2700","26,4400","26,1000","0,43K","3,78%"
"19.03.2024","25,1500","24,6900","25,1100","24,5700","0,91K","1,49%"
"18.03.2024","24,7800","24,4000","24,8400","24,4000","1,82K","2,74%"
"15.03.2024","24,1200","24,9600","24,9600","23,8000","3,76K","-10,20%"
"14.03.2024","26,8600","27,3000","27,3000","27,3000","0,03K","-1,54%"
"13.03.2024","27,2800","27,2800","27,2800","27,2800","","-0,47%"
"12.03.2024","27,4100","27,6000","27,7300","27,1900","0,40K","-0,76%"
"11.03.2024","27,6200","27,1800","27,5000","27,1800","0,60K","2,60%"
"08.03.2024","26,9200","26,6200","26,9200","26,6200","","0,82%"
"07.03.2024","26,7000","26,6200","26,6200","26,6200","0,37K","3,13%"
"06.03.2024","25,8900","26,5900","26,7500","25,8000","0,43K","-1,41%"
"05.03.2024","26,2600","26,0500","26,0500","26,0500","0,30K","0,31%"
"04.03.2024","26,1800","26,1800","26,1800","26,1800","","-1,98%"
"01.03.2024","26,7100","25,8500","26,7100","26,0000","","3,17%"
"29.02.2024","25,8900","25,8500","26,0000","25,8500","0,38K","0,98%"
"28.02.2024","25,6400","25,6100","25,6100","25,5000","0,20K","-2,66%"
"27.02.2024","26,3400","26,3000","26,3000","26,3000","4,20K","1,27%"
"26.02.2024","26,0100","26,2600","26,2600","26,2300","0,34K","-1,51%"
"23.02.2024","26,4100","26,7200","26,5300","26,4100","","-0,19%"
"22.02.2024","26,4600","26,4600","26,4600","26,4600","","-0,04%"
"21.02.2024","26,4700","26,7200","26,7200","26,5300","0,60K","-0,49%"
"20.02.2024","26,6000","26,6000","26,6000","26,6000","","-0,30%"
"19.02.2024","26,6800","27,1400","27,1400","26,6600","0,23K","0,08%"
"16.02.2024","26,6600","25,8800","26,6600","25,8800","","0,57%"
"15.02.2024","26,5100","26,5100","26,5100","26,5100","","2,71%"
"14.02.2024","25,8100","25,8100","25,8100","25,8100","","-0,04%"
"13.02.2024","25,8200","25,8800","25,8800","25,8800","0,01K","-3,08%"
"12.02.2024","26,6400","26,5100","26,5100","26,5100","0,08K","2,46%"
"09.02.2024","26,0000","26,6000","26,6100","26,0000","0,53K","-2,51%"
"08.02.2024","26,6700","26,7500","26,8500","26,7400","0,79K","-0,74%"
"07.02.2024","26,8700","27,1800","27,1800","26,5600","1,63K","-2,22%"
"06.02.2024","27,4800","27,4800","27,4800","27,4800","","-0,11%"
"05.02.2024","27,5100","27,5100","27,5100","27,5100","","-1,71%"
"02.02.2024","27,9900","28,3200","28,5600","27,9900","","-2,00%"
"01.02.2024","28,5600","28,3200","28,5600","28,3200","0,09K","-2,29%"
"31.01.2024","29,2300","28,8000","29,2000","28,8000","1,52K","2,92%"
"30.01.2024","28,4000","28,5800","28,5800","28,5800","0,20K","0,85%"
"29.01.2024","28,1600","28,1600","28,1600","28,1600","","1,92%"
"26.01.2024","27,6300","27,5100","27,5300","27,5100","0,50K","0,47%"
"25.01.2024","27,5000","26,9000","27,5000","26,9000","0,75K","-0,25%"
"24.01.2024","27,5700","27,3600","27,3900","27,3600","0,22K","2,53%"
"23.01.2024","26,8900","26,7900","26,7900","26,6600","0,25K","-0,41%"
"22.01.2024","27,0000","26,8200","26,8200","26,8200","0,00K","0,07%"
"19.01.2024","26,9800","27,1000","27,1000","27,0000","1,21K","0,94%"
"18.01.2024","26,7300","26,7300","26,7300","26,7300","","1,02%"
"17.01.2024","26,4600","26,4700","26,4700","26,1600","1,85K","-2,72%"
"16.01.2024","27,2000","27,3000","27,3000","27,2100","0,51K","-1,27%"
"15.01.2024","27,5500","28,1800","28,1800","27,2300","0,90K","-0,61%"
"12.01.2024","27,7200","27,5500","27,8400","27,5500","0,75K","1,99%"
"11.01.2024","27,1800","27,8000","27,9100","27,8000","0,21K","-1,31%"
"10.01.2024","27,5400","27,8000","27,8000","27,7900","1,00K","1,18%"
"09.01.2024","27,2200","27,2400","27,2400","27,2400","0,20K","-0,51%"
"08.01.2024","27,3600","26,9900","26,9900","26,6300","0,50K","0,88%"
"05.01.2024","27,1200","27,1800","27,1800","27,1000","3,10K","-1,31%"
"04.01.2024","27,4800","27,3900","28,2300","27,3900","0,17K","0,44%"
"03.01.2024","27,3600","27,5100","27,5100","27,0900","2,36K","-2,84%"
"02.01.2024","28,1600","28,5800","28,7200","28,1300","0,96K","1,22%"
"29.12.2023","27,8200","27,8200","27,8200","27,8200","0,00K","-3,00%"
"28.12.2023","28,6800","28,6500","28,6700","28,5800","0,47K","-0,03%"
"27.12.2023","28,6900","28,4700","28,4700","28,4700","0,20K","1,74%"
"22.12.2023","28,2000","28,0000","28,3000","28,0000","0,24K","0,36%"
"21.12.2023","28,1000","28,2300","28,2300","28,2300","0,25K","2,03%"
"20.12.2023","27,5400","28,0900","28,0900","27,5400","0,57K","-1,71%"
"19.12.2023","28,0200","28,0600","28,7300","27,9800","4,64K","1,67%"
"18.12.2023","27,5600","27,9800","27,9800","27,6400","0,40K","-2,82%"
"15.12.2023","28,3600","28,6700","28,7400","28,1800","0,54K","-1,56%"
"14.12.2023","28,8100","28,9200","29,0600","28,3700","6,24K","8,68%"
"13.12.2023","26,5100","26,5000","26,5000","26,5000","0,21K","0,15%"
"12.12.2023","26,4700","26,5100","26,8100","26,3500","4,28K","-0,68%"
"11.12.2023","26,6500","26,5000","26,6600","26,4200","0,51K","1,76%"
"08.12.2023","26,1900","26,6800","26,6800","26,1900","0,30K","-3,00%"
"07.12.2023","27,0000","26,8700","27,0000","26,6000","0,85K","0,30%"
"06.12.2023","26,9200","27,1500","27,2300","26,9200","1,45K","-0,44%"
"05.12.2023","27,0400","27,0700","27,5700","27,0100","1,80K","2,11%"
"04.12.2023","26,4800","26,8700","27,3600","26,4800","3,65K","-0,38%"
"01.12.2023","26,5800","25,5800","26,5800","25,5800","1,95K","3,75%"
"30.11.2023","25,6200","26,0000","26,0000","25,5700","1,29K","-1,12%"
"29.11.2023","25,9100","25,5600","26,0700","25,5600","0,26K","2,41%"
"28.11.2023","25,3000","25,2500","25,3000","25,0700","0,37K","1,28%"
"23.11.2023","24,9800","24,9800","24,9800","24,9800","0,04K","1,34%"
"21.11.2023","24,6500","25,2700","25,3000","24,6500","1,00K","-3,71%"
"20.11.2023","25,6000","25,4600","25,6000","25,4600","0,19K","0,67%"
"17.11.2023","25,4300","25,3100","25,4300","25,2400","0,74K","2,91%"
"16.11.2023","24,7100","24,7100","24,7100","24,7100","0,02K","-0,48%"
"15.11.2023","24,8300","25,2000","25,2000","24,8300","0,70K","-0,96%"
"14.11.2023","25,0700","23,7000","25,2000","23,7000","2,00K","7,55%"
"13.11.2023","23,3100","23,3100","23,3100","23,3100","0,12K","1,13%"
"10.11.2023","23,0500","23,2000","23,2000","23,0500","1,00K","-2,95%"
"09.11.2023","23,7500","23,6200","23,8800","23,6200","0,37K","2,02%"
"07.11.2023","23,2800","23,2800","23,2800","23,2800","0,40K","-7,62%"
"06.11.2023","25,2000","23,7000","25,2000","23,2400","0,30K","2,48%"
"03.11.2023","24,5900","23,5700","24,8400","23,4000","5,99K","0,00%"
"02.11.2023","24,5900","23,5700","24,5900","22,4300","0,60K","12,03%"
"01.11.2023","21,9500","21,9700","21,9700","21,9500","0,15K","0,64%"
"31.10.2023","21,8100","21,6100","21,8100","21,6100","0,70K","3,86%"
"30.10.2023","21,0000","20,9000","21,0000","20,9000","0,17K","0,48%"
"27.10.2023","20,9000","20,6100","20,9000","20,6100","1,11K","4,29%"
"25.10.2023","20,0400","20,5000","20,5000","20,0400","0,05K","1,83%"
"23.10.2023","19,6800","19,9250","19,9500","19,6800","0,63K","-3,53%"
"20.10.2023","20,4000","20,4500","20,4500","20,1400","0,96K","-0,49%"
"19.10.2023","20,5000","21,3600","21,3600","20,5000","1,45K","-5,36%"
"18.10.2023","21,6600","22,1200","22,6300","21,6000","2,47K","-3,69%"
"17.10.2023","22,4900","22,4900","22,4900","22,4900","0,10K","0,63%"
"16.10.2023","22,3500","22,4100","22,4100","22,3500","2,00K","-1,37%"
"13.10.2023","22,6600","22,6600","22,6600","22,6600","0,00K","-0,40%"
"12.10.2023","22,7500","23,5000","23,5000","22,7500","0,60K","-1,39%"
"11.10.2023","23,0700","23,0700","23,0700","23,0700","0,00K","2,12%"
"10.10.2023","22,5900","22,7700","22,7700","22,3600","0,92K","4,39%"
"06.10.2023","21,6400","21,6400","21,6400","21,6400","0,00K","-1,99%"
"03.10.2023","22,0800","22,5700","22,5700","22,0800","0,61K","-3,71%"
"29.09.2023","22,9300","22,5400","22,9600","22,5000","1,15K","5,09%"
"28.09.2023","21,8200","21,9400","21,9400","21,7500","0,65K","-0,95%"
"27.09.2023","22,0300","22,4500","22,4500","22,0300","0,78K","-2,87%"
"26.09.2023","22,6800","23,2300","23,2300","22,6800","1,40K","-4,51%"
"25.09.2023","23,7500","24,0100","24,0100","23,7500","1,73K","-0,67%"
"22.09.2023","23,9100","23,6200","23,9100","23,6200","0,11K","-1,44%"
"21.09.2023","24,2600","24,0500","24,2600","24,0000","0,42K","0,96%"
"20.09.2023","24,0300","24,0300","24,0300","24,0300","0,23K","0,46%"
"19.09.2023","23,9200","23,6500","23,9900","23,6500","0,71K","2,53%"
"18.09.2023","23,3300","23,3300","23,3300","23,3300","0,05K","0,13%"
"15.09.2023","23,3000","23,6900","23,9400","23,2900","4,22K","-2,92%"
"14.09.2023","24,0000","23,8000","24,0000","23,8000","1,52K","4,26%"
"13.09.2023","23,0200","22,6900","23,0200","22,6900","0,25K","2,31%"
"12.09.2023","22,5000","22,8900","23,0500","22,5000","0,33K","-2,17%"
"11.09.2023","23,0000","22,6400","23,0000","22,6400","0,99K","3,88%"
"08.09.2023","22,1400","22,2300","22,2300","22,1400","0,11K","0,23%"
"07.09.2023","22,0900","22,0900","22,0900","22,0900","1,50K","-1,38%"
"06.09.2023","22,4000","22,2400","22,4000","22,2400","0,10K","3,32%"
"04.09.2023","21,6800","22,0800","22,0800","21,6800","1,28K","-1,72%"
"01.09.2023","22,0600","21,9200","22,0600","21,3900","0,72K","0,96%"
"31.08.2023","21,8500","21,5800","22,2500","21,2600","2,33K","3,26%"
"30.08.2023","21,1600","20,9500","21,1600","20,9500","0,55K","1,39%"
"29.08.2023","20,8700","20,7700","20,8700","20,7700","0,10K","3,47%"
"28.08.2023","20,1700","20,1600","20,1700","20,1600","1,25K","-1,32%"
"24.08.2023","20,4400","20,4900","20,4900","20,4400","0,15K","1,19%"
"23.08.2023","20,2000","20,1200","20,2600","20,1200","0,16K","4,99%"
"21.08.2023","19,2400","19,3500","19,3500","19,2400","0,25K","-4,28%"
"18.08.2023","20,1000","19,9600","20,1000","19,7350","2,65K","-1,57%"
"16.08.2023","20,4200","20,4200","20,4200","20,4200","0,30K","-2,95%"
"11.08.2023","21,0400","21,0700","21,0700","20,5600","2,50K","-2,28%"
"10.08.2023","21,5300","21,2500","21,5300","21,2500","0,15K","5,54%"
"09.08.2023","20,4000","20,4000","20,4000","20,4000","0,10K","1,44%"
"07.08.2023","20,1100","20,1900","20,1900","20,0800","2,00K","1,13%"
"04.08.2023","19,8850","19,8800","19,9550","19,7500","0,63K","-2,04%"
"03.08.2023","20,3000","20,3000","20,3000","20,3000","0,27K","-0,88%"
"02.08.2023","20,4800","20,6000","20,6000","20,3700","0,85K","-2,75%"
"01.08.2023","21,0600","21,0600","21,0600","21,0600","0,07K","-0,66%"
"31.07.2023","21,2000","21,2000","21,2000","21,2000","0,30K","1,24%"
"27.07.2023","20,9400","21,2000","21,5200","20,9400","1,39K","-0,99%"
"26.07.2023","21,1500","21,0000","21,1500","20,8500","0,90K","1,29%"
"25.07.2023","20,8800","20,9100","20,9100","20,8200","0,23K","-1,56%"
"24.07.2023","21,2100","21,0100","21,2400","21,0100","0,12K","0,76%"
"21.07.2023","21,0500","20,7100","21,0500","20,7000","1,06K","0,57%"
"20.07.2023","20,9300","21,2500","21,2500","20,9300","0,05K","-0,99%"
"19.07.2023","21,1400","20,4000","21,3400","20,4000","4,35K","7,04%"
"18.07.2023","19,7500","19,1950","19,7500","19,1950","2,67K","3,95%"
"17.07.2023","19,0000","19,2600","19,2600","19,0000","0,54K","-2,61%"
"14.07.2023","19,5100","19,3050","19,5100","19,2900","1,60K","-0,46%"
"13.07.2023","19,6000","19,5000","19,6000","19,5000","5,80K","1,69%"
"12.07.2023","19,2750","18,6900","19,4000","18,6900","9,64K","4,78%"
"11.07.2023","18,3950","17,9550","18,3950","17,9550","0,09K","3,93%"
"10.07.2023","17,7000","17,7000","17,7000","17,7000","0,09K","0,31%"
"07.07.2023","17,6450","17,7000","17,7000","17,6450","0,32K","0,26%"
"06.07.2023","17,6000","18,3950","18,3950","17,5900","3,23K","-6,13%"
"05.07.2023","18,7500","18,7500","18,7500","18,7500","0,10K","-2,34%"
"04.07.2023","19,2000","18,8250","19,2000","18,7350","6,44K","6,37%"
"03.07.2023","18,0500","18,2550","18,3900","18,0500","0,56K","0,89%"
"30.06.2023","17,8900","17,8500","17,9850","17,8500","1,50K","3,11%"
"29.06.2023","17,3500","17,3500","17,3500","17,3500","0,10K","-1,98%"
"28.06.2023","17,7000","17,7500","17,7500","17,1300","1,33K","3,33%"
"26.06.2023","17,1300","17,2000","17,2050","17,1300","0,20K","-3,55%"
"23.06.2023","17,7600","17,7600","17,7600","17,7600","0,85K","0,06%"
"22.06.2023","17,7500","17,6000","17,7550","17,6000","0,53K","0,00%"
"21.06.2023","17,7500","17,7500","17,7500","17,7500","0,02K","-4,03%"
"20.06.2023","18,4950","18,3000","18,6600","18,1650","1,34K","0,00%"
"19.06.2023","18,4950","18,4950","18,4950","18,4950","0,03K","-1,10%"
"16.06.2023","18,7000","18,8350","19,2950","18,6600","3,56K","0,46%"
"15.06.2023","18,6150","18,6150","18,6150","18,6150","0,12K","-1,64%"
"14.06.2023","18,9250","18,7500","18,9250","18,6400","0,34K","4,10%"
"13.06.2023","18,1800","18,3950","18,3950","18,1800","0,31K","-1,46%"
"12.06.2023","18,4500","18,4500","18,4500","18,4500","0,03K","-1,44%"
"09.06.2023","18,7200","18,6000","18,7200","18,5800","0,82K","2,30%"
"08.06.2023","18,3000","18,3000","18,3000","18,3000","2,13K","0,00%"
"07.06.2023","18,3000","18,3000","18,3000","18,3000","0,50K","3,74%"
"05.06.2023","17,6400","18,5800","18,5800","17,6400","0,26K","-1,45%"
"02.06.2023","17,9000","17,4000","17,9000","17,4000","1,31K","6,11%"
"01.06.2023","16,8700","16,9250","16,9550","16,7000","1,36K","-0,32%"
"31.05.2023","16,9250","17,0000","17,2200","16,6800","2,80K","-3,45%"
"30.05.2023","17,5300","17,5300","17,5300","17,5300","0,50K","0,60%"
"29.05.2023","17,4250","17,8000","17,8000","17,4250","0,25K","-1,11%"
"26.05.2023","17,6200","17,6600","17,6600","17,6200","0,11K","-1,56%"
"25.05.2023","17,9000","17,9000","17,9000","17,9000","0,07K","-1,92%"
"24.05.2023","18,2500","18,1800","18,2500","18,1800","0,14K","-1,99%"
"23.05.2023","18,6200","17,3600","18,7000","17,3600","2,42K","6,01%"
"22.05.2023","17,5650","17,5450","17,5650","17,5450","0,57K","0,09%"
"19.05.2023","17,5500","17,6150","17,6150","17,3350","0,22K","0,69%"
"18.05.2023","17,4300","18,3350","18,3600","17,2800","9,19K","-5,61%"
"17.05.2023","18,4650","18,4650","18,4650","18,4650","0,30K","0,00%"
"16.05.2023","18,4650","18,4650","18,4650","18,4650","0,05K","-0,54%"
"15.05.2023","18,5650","18,5650","18,5650","18,5650","0,20K","1,34%"
"12.05.2023","18,3200","18,4100","18,4700","18,3200","0,13K","-4,56%"
"11.05.2023","19,1950","18,8500","19,1950","18,8500","2,40K","4,86%"
"10.05.2023","18,3050","18,2150","18,5550","18,2150","1,30K","0,41%"
"08.05.2023","18,2300","18,5100","18,5500","18,2300","2,50K","-4,13%"
"05.05.2023","19,0150","19,0950","19,0950","19,0150","0,31K","4,25%"
"04.05.2023","18,2400","20,3500","20,3500","18,2400","0,93K","-2,41%"
"03.05.2023","18,6900","18,6900","18,6900","18,6900","0,20K","-1,27%"
"02.05.2023","18,9300","18,9300","18,9300","18,9300","0,10K","-3,42%"
"28.04.2023","19,6000","19,6850","19,8200","19,6000","0,23K","3,27%"
"27.04.2023","18,9800","19,5000","19,5000","18,9800","0,06K","-2,67%"
"26.04.2023","19,5000","19,6700","19,7000","19,0350","4,16K","5,32%"
"25.04.2023","18,5150","18,5150","18,5150","18,5150","0,05K","-2,60%"
"24.04.2023","19,0100","19,0100","19,0100","19,0100","0,15K","-0,55%"
"21.04.2023","19,1150","19,1250","19,1250","18,6250","1,90K","2,27%"
"20.04.2023","18,6900","19,1850","19,1850","18,6850","0,57K","-3,76%"
"19.04.2023","19,4200","19,0550","19,4200","19,0550","0,48K","-3,05%"
"18.04.2023","20,0300","19,3100","20,0300","19,3100","1,06K","4,13%"
"17.04.2023","19,2350","19,3000","19,3000","19,0850","1,10K","-0,95%"
"14.04.2023","19,4200","18,9200","19,4200","18,9200","5,54K","4,97%"
"13.04.2023","18,5000","18,5000","18,5000","18,5000","0,58K","0,38%"
"12.04.2023","18,4300","18,5000","18,7200","18,4300","8,36K","1,65%"
"11.04.2023","18,1300","18,5200","18,5200","17,9150","1,58K","3,01%"
"06.04.2023","17,6000","17,0450","17,6000","17,0450","1,71K","4,89%"
"05.04.2023","16,7800","16,9500","16,9500","16,7800","0,40K","-3,23%"
"04.04.2023","17,3400","17,3400","17,3400","17,3400","0,25K","1,11%"
"03.04.2023","17,1500","17,2700","17,2700","17,1500","0,06K","-1,55%"
"31.03.2023","17,4200","17,9800","17,9800","17,2400","6,58K","0,46%"
"30.03.2023","17,3400","17,3950","17,3950","16,9500","18,97K","3,89%"
"29.03.2023","16,6900","15,6500","16,6900","15,3600","7,61K","5,63%"
"28.03.2023","15,8000","16,6100","16,6100","15,3600","7,15K","-4,88%"
"27.03.2023","16,6100","16,6800","17,0450","16,5700","2,80K","0,18%"
"24.03.2023","16,5800","17,3500","17,3500","16,5500","13,35K","-5,26%"
"23.03.2023","17,5000","17,7400","17,7400","17,5000","4,60K","-1,69%"
"22.03.2023","17,8000","18,1500","18,1500","17,7500","17,72K","-4,09%"
"21.03.2023","18,5600","18,9200","18,9200","18,5600","1,50K","-1,80%"
"20.03.2023","18,9000","19,0950","19,1500","18,9000","0,62K","1,78%"
"17.03.2023","18,5700","19,9050","20,3600","18,0000","17,59K","-3,33%"
"16.03.2023","19,2100","19,7500","19,7500","19,0000","7,38K","-5,74%"
"15.03.2023","20,3800","19,7400","20,3900","19,5000","2,49K","0,89%"
"14.03.2023","20,2000","20,4200","20,7000","20,2000","0,85K","1,56%"
"13.03.2023","19,8900","20,5300","20,5300","19,7400","0,63K","-2,45%"
"10.03.2023","20,3900","20,9000","20,9000","20,1900","4,37K","-3,59%"
"09.03.2023","21,1500","21,8300","21,8300","21,1000","0,92K","-4,69%"
"08.03.2023","22,1900","22,1700","22,1900","22,1700","0,24K","-1,38%"
"07.03.2023","22,5000","23,9100","23,9100","22,0800","3,58K","-5,98%"
"06.03.2023","23,9300","22,9200","23,9300","22,9200","0,66K","4,63%"
"03.03.2023","22,8700","22,9100","22,9100","22,8500","1,56K","1,64%"
"02.03.2023","22,5000","21,9000","22,6400","21,9000","0,90K","0,54%"
"01.03.2023","22,3800","23,3700","23,3700","22,3200","3,12K","-5,73%"
"28.02.2023","23,7400","23,7800","23,7800","23,6500","0,20K","-1,00%"
"27.02.2023","23,9800","23,9800","23,9800","23,9800","0,20K","-0,08%"
"24.02.2023","24,0000","25,0500","25,0500","24,0000","0,47K","-4,00%"
"23.02.2023","25,0000","24,9300","25,0000","24,9300","0,45K","2,04%"
"22.02.2023","24,5000","24,6600","24,7500","24,2900","5,09K","-1,76%"
"21.02.2023","24,9400","25,1400","25,1400","24,9400","0,63K","-1,69%"
"20.02.2023","25,3700","25,7000","25,7000","25,3700","1,06K","-0,63%"
"17.02.2023","25,5300","24,9400","25,5300","24,9400","0,58K","1,07%"
"16.02.2023","25,2600","26,0300","26,0300","24,9200","3,16K","-1,44%"
"15.02.2023","25,6300","25,7900","25,7900","25,6300","0,35K","-1,80%"
"14.02.2023","26,1000","26,1000","26,1000","26,1000","","0,00%"
"13.02.2023","26,1000","25,9400","26,1000","25,9400","0,22K","0,00%"
"10.02.2023","26,1000","26,2900","26,2900","25,9000","1,34K","-2,06%"
"09.02.2023","26,6500","26,7300","26,9400","26,6400","1,38K","0,19%"
"08.02.2023","26,6000","26,8200","26,8200","26,6000","0,72K","1,53%"
"07.02.2023","26,2000","26,5000","26,5000","26,2000","2,87K","-1,24%"
"06.02.2023","26,5300","27,4600","27,4600","26,5000","1,71K","-3,91%"
"03.02.2023","27,6100","27,3700","27,7600","27,3000","2,22K","-1,53%"
"02.02.2023","28,0400","26,8700","28,0400","26,8700","3,34K","9,32%"
"01.02.2023","25,6500","25,6500","25,6500","25,6500","","0,00%"
"31.01.2023","25,6500","25,6500","25,6500","25,6500","","0,00%"
"30.01.2023","25,6500","25,6500","25,6500","25,6500","0,30K","-2,84%"
"27.01.2023","26,4000","26,2200","26,4000","26,2200","0,30K","0,99%"
"26.01.2023","26,1400","26,1400","26,1400","26,1400","0,20K","-0,76%"
"25.01.2023","26,3400","26,3600","26,3600","26,3400","0,57K","-1,42%"
"24.01.2023","26,7200","26,7200","26,7200","26,7200","0,10K","-0,11%"
"23.01.2023","26,7500","26,7500","26,7500","26,7500","0,04K","3,36%"
"20.01.2023","25,8800","26,0000","26,0000","25,8800","0,53K","-1,22%"
"19.01.2023","26,2000","26,8000","26,8000","26,2000","1,61K","-3,39%"
"18.01.2023","27,1200","27,3000","27,3400","27,1000","0,90K","-0,80%"
"17.01.2023","27,3400","28,4800","28,4800","27,0700","0,83K","-1,65%"
"16.01.2023","27,8000","27,4100","27,8100","27,3000","1,06K","2,73%"
"13.01.2023","27,0600","27,2500","27,2500","27,0600","1,28K","1,01%"
"12.01.2023","26,7900","26,7000","27,6400","26,7000","0,81K","0,22%"
"11.01.2023","26,7300","26,0200","26,8200","26,0200","2,98K","5,28%"
"10.01.2023","25,3900","25,2400","25,3900","25,2400","0,01K","-0,43%"
"09.01.2023","25,5000","24,6800","25,5000","24,6800","2,59K","4,77%"
"06.01.2023","24,3400","23,9800","24,3400","23,9800","0,28K","0,58%"
"05.01.2023","24,2000","24,3700","24,8500","24,2000","1,45K","-1,59%"
"04.01.2023","24,5900","23,6600","24,5900","23,6600","2,02K","4,64%"
"03.01.2023","23,5000","23,3800","23,5000","23,3800","0,70K","2,84%"
"02.01.2023","22,8500","22,3600","22,8500","22,3600","0,33K","1,69%"
"30.12.2022","22,4700","22,4700","22,4700","22,4700","","0,00%"
"29.12.2022","22,4700","21,5900","22,4700","21,5900","0,16K","1,81%"
"28.12.2022","22,0700","21,8100","22,0700","21,8100","0,00K","0,91%"
"27.12.2022","21,8700","21,9000","21,9800","21,6100","0,75K","1,96%"
"23.12.2022","21,4500","21,9800","21,9800","21,4500","0,61K","1,04%"
"22.12.2022","21,2300","21,6900","21,6900","21,2300","1,02K","-1,35%"
"21.12.2022","21,5200","21,3000","21,5200","21,3000","4,00K","3,46%"
"20.12.2022","20,8000","20,8000","20,9500","20,8000","2,60K","-4,15%"
"19.12.2022","21,7000","21,4100","21,7000","21,4100","1,25K","0,79%"
"16.12.2022","21,5300","22,9000","22,9000","21,2500","6,56K","-8,38%"
"15.12.2022","23,5000","24,2500","24,2500","23,5000","0,06K","-4,04%"
"14.12.2022","24,4900","23,9500","24,4900","23,9500","0,52K","2,90%"
"13.12.2022","23,8000","22,8100","24,5700","22,8100","0,95K","4,57%"
"12.12.2022","22,7600","22,8700","23,0700","22,7000","1,91K","-2,74%"
"09.12.2022","23,4000","23,3400","23,4000","23,3400","0,25K","1,83%"
"08.12.2022","22,9800","22,9800","22,9800","22,9800","0,01K","-1,71%"
"07.12.2022","23,3800","23,2000","23,3800","23,0000","0,51K","-0,93%"
"06.12.2022","23,6000","23,6000","23,6000","23,6000","0,00K","-1,26%"
"05.12.2022","23,9000","24,3300","24,3400","23,9000","1,68K","-0,17%"
"02.12.2022","23,9400","23,9400","23,9400","23,9400","0,20K","1,87%"
"01.12.2022","23,5000","24,3400","24,3400","23,5000","0,57K","-0,84%"
"30.11.2022","23,7000","24,1200","24,1200","23,6900","0,45K","-0,42%"
"29.11.2022","23,8000","24,2200","24,2200","23,8000","0,23K","0,93%"
"28.11.2022","23,5800","24,0200","24,0200","23,5800","0,02K","-3,36%"
"25.11.2022","24,4000","24,3400","24,4700","24,3400","1,50K","0,00%"
"24.11.2022","24,4000","24,4600","24,6400","24,2900","0,75K","7,25%"
"23.11.2022","22,7500","22,8500","22,8500","22,7500","0,40K","-3,03%"
"22.11.2022","23,4600","23,7100","23,7100","23,4600","0,30K","-1,05%"
"21.11.2022","23,7100","24,2500","24,2500","23,7000","0,79K","-2,99%"
"18.11.2022","24,4400","24,3400","24,4400","24,3400","1,09K","2,26%"
"17.11.2022","23,9000","24,1900","24,1900","23,9000","0,65K","-1,36%"
"16.11.2022","24,2300","24,2400","24,2400","24,2300","0,21K","-4,76%"
"15.11.2022","25,4400","24,6200","25,4400","24,5900","1,54K","2,00%"
"14.11.2022","24,9400","25,5100","25,5100","24,9200","0,29K","-1,89%"
"11.11.2022","25,4200","25,2000","25,5600","25,0000","1,77K","2,33%"
"10.11.2022","24,8400","22,4100","24,8500","22,4100","2,54K","9,04%"
"09.11.2022","22,7800","22,4400","22,8500","22,4400","0,68K","0,80%"
"08.11.2022","22,6000","21,9900","22,6000","21,8000","1,70K","1,16%"
"07.11.2022","22,3400","22,7000","22,7400","22,3400","0,62K","2,48%"
"04.11.2022","21,8000","21,1800","22,0300","21,1800","3,97K","3,02%"
"03.11.2022","21,1600","21,1400","21,2000","20,8900","1,05K","-2,13%"
"02.11.2022","21,6200","21,7800","21,9000","21,6200","2,47K","-6,93%"
"01.11.2022","23,2300","23,0000","23,2300","23,0000","1,05K","5,59%"
"31.10.2022","22,0000","22,0000","22,0000","22,0000","0,04K","0,14%"
"28.10.2022","21,9700","22,4400","22,4400","21,9700","1,19K","-4,02%"
"27.10.2022","22,8900","22,1100","22,8900","22,1100","0,83K","2,46%"
"26.10.2022","22,3400","22,3400","22,3400","21,9800","0,70K","1,59%"
"25.10.2022","21,9900","21,0000","22,0100","21,0000","0,53K","2,90%"
"24.10.2022","21,3700","21,3700","21,3700","21,3700","0,09K","3,39%"
"21.10.2022","20,6700","20,6700","20,6700","20,6700","0,50K","-0,67%"
"20.10.2022","20,8100","20,8100","20,8100","20,8100","0,00K","-0,14%"
"19.10.2022","20,8400","20,8400","20,8400","20,8400","0,10K","-2,02%"
"18.10.2022","21,2700","21,3000","21,3400","21,2700","0,48K","-0,61%"
"17.10.2022","21,4000","20,4100","21,4000","20,4100","0,06K","4,90%"
"14.10.2022","20,4000","19,3400","20,4000","19,3400","1,00K","8,74%"
"13.10.2022","18,7600","19,2450","19,9000","18,7600","0,33K","-1,78%"
"12.10.2022","19,1000","20,0500","20,0500","19,1000","0,35K","-5,59%"
"11.10.2022","20,2300","19,9050","20,2300","19,9050","0,23K","1,15%"
"10.10.2022","20,0000","20,0000","20,0000","20,0000","0,15K","-3,01%"
"07.10.2022","20,6200","21,3400","21,6200","20,6200","1,61K","-4,14%"
"06.10.2022","21,5100","21,8000","21,8000","21,3400","0,72K","-0,14%"
"05.10.2022","21,5400","22,0500","22,1500","21,5400","1,30K","-7,47%"
"04.10.2022","23,2800","23,3000","23,3000","23,2800","1,05K","4,39%"
"03.10.2022","22,3000","22,3000","22,3000","22,3000","0,17K","0,81%"
"30.09.2022","22,1200","21,5900","22,1200","21,5900","0,57K","6,35%"
"29.09.2022","20,8000","20,8000","20,8000","20,8000","0,02K","-0,72%"
"28.09.2022","20,9500","21,1700","21,1700","20,0100","4,53K","-2,87%"
"27.09.2022","21,5700","21,4000","21,5700","21,4000","0,27K","-0,37%"
"26.09.2022","21,6500","21,9500","21,9500","21,6500","0,27K","-1,64%"
"23.09.2022","22,0100","22,3300","22,3300","21,5100","0,37K","-1,03%"
"22.09.2022","22,2400","22,8800","22,8800","22,2400","0,16K","-3,72%"
"21.09.2022","23,1000","23,1000","23,1000","23,1000","","0,00%"
"20.09.2022","23,1000","23,0100","23,1000","22,7000","0,90K","-2,74%"
"19.09.2022","23,7500","23,6400","23,7500","23,5800","1,11K","-1,21%"
"16.09.2022","24,0400","24,0400","24,0400","24,0400","0,10K","-0,91%"
"15.09.2022","24,2600","24,6500","24,6800","24,2400","5,27K","-1,74%"
"14.09.2022","24,6900","24,9900","25,1900","24,6600","1,45K","-3,55%"
"13.09.2022","25,6000","25,5700","25,6000","25,5500","0,99K","-3,83%"
"12.09.2022","26,6200","26,4100","26,6200","26,4100","0,15K","1,88%"
"09.09.2022","26,1300","26,1500","26,1700","26,0700","1,17K","1,83%"
"08.09.2022","25,6600","25,8700","25,8700","25,5900","0,09K","-2,25%"
"07.09.2022","26,2500","26,2500","26,2500","26,2500","","0,00%"
"06.09.2022","26,2500","26,2500","26,2500","26,2500","0,02K","-0,87%"
"05.09.2022","26,4800","26,4800","26,4800","26,4800","0,50K","1,53%"
"02.09.2022","26,0800","26,4700","26,4700","26,0800","0,10K","-0,87%"
"01.09.2022","26,3100","26,3100","26,3100","26,3100","0,42K","-1,28%"
"31.08.2022","26,6500","26,7300","26,7300","26,6500","0,26K","-1,55%"
"30.08.2022","27,0700","27,1000","27,1400","27,0300","0,25K","1,73%"
"29.08.2022","26,6100","26,7400","26,7400","26,2800","1,38K","-0,08%"
"26.08.2022","26,6300","27,8100","27,8100","26,6300","0,06K","-5,73%"
"25.08.2022","28,2500","28,2500","28,2500","28,2500","0,05K","-0,81%"
"24.08.2022","28,4800","28,5100","28,5100","28,4800","0,15K","0,00%"
"23.08.2022","28,4800","28,4800","28,4800","28,4800","0,00K","-0,87%"
"22.08.2022","28,7300","28,9000","28,9000","28,7300","0,06K","-2,28%"
"19.08.2022","29,4000","29,4200","29,4200","29,3100","0,07K","-3,03%"
"18.08.2022","30,3200","30,3200","30,3200","30,3200","","0,00%"
"17.08.2022","30,3200","31,3500","31,3500","30,3200","0,11K","-3,29%"
"16.08.2022","31,3500","31,6300","31,6300","31,3500","0,51K","0,51%"
"12.08.2022","31,1900","31,1900","31,1900","31,1900","0,32K","1,10%"
"11.08.2022","30,8500","30,9700","30,9700","30,8500","0,08K","-0,58%"
"10.08.2022","31,0300","31,0300","31,0300","31,0300","0,02K","1,01%"
"09.08.2022","30,7200","31,0000","31,0000","30,7200","0,07K","-1,44%"
"08.08.2022","31,1700","31,1700","31,1700","31,1700","0,05K","2,36%"
"05.08.2022","30,4500","30,4000","30,4500","30,0000","0,11K","0,79%"
"04.08.2022","30,2100","31,5000","31,5000","30,2100","0,38K","-4,10%"
"03.08.2022","31,5000","31,7000","31,7000","31,5000","1,03K","-3,40%"
"02.08.2022","32,6100","32,6100","32,6100","32,6100","","0,00%"
"01.08.2022","32,6100","32,6100","32,6100","32,6100","","0,00%"
"29.07.2022","32,6100","32,4900","32,6100","32,4900","0,38K","3,00%"
"28.07.2022","31,6600","31,6600","31,6600","31,6600","0,02K","1,47%"
"27.07.2022","31,2000","29,9100","31,2000","29,9100","0,62K","2,63%"
"26.07.2022","30,4000","30,5000","30,5000","30,2000","0,10K","-5,18%"
"25.07.2022","32,0600","31,4689","32,0600","32,0600","","0,00%"
"22.07.2022","32,0600","31,1500","32,0600","31,1500","0,19K","7,51%"
"21.07.2022","29,8200","29,8200","29,8200","29,8200","","0,00%"
"20.07.2022","29,8200","29,4200","29,8200","29,4200","0,03K","3,97%"
"19.07.2022","28,6800","28,6800","28,6800","28,6800","","0,00%"
"18.07.2022","28,6800","28,6800","28,6800","28,6800","0,01K","3,99%"
"15.07.2022","27,5800","27,5800","27,5800","27,5800","0,02K","-0,25%"
"14.07.2022","27,6500","27,7000","27,7000","27,6500","0,03K","-2,30%"
"13.07.2022","28,3000","28,2600","28,3000","28,2600","0,20K","2,69%"
"12.07.2022","27,5600","27,3000","27,6300","27,3000","0,04K","-2,82%"
"11.07.2022","28,3600","28,3600","28,3600","28,3600","","0,00%"
"08.07.2022","28,3600","28,2300","28,3600","28,2300","0,03K","-1,46%"
"07.07.2022","28,7800","28,6500","28,7800","28,6500","0,10K","-0,45%"
"06.07.2022","28,9100","28,5500","28,9100","28,5500","0,14K","2,52%"
"05.07.2022","28,2000","28,4000","28,4000","27,8100","0,43K","0,46%"
"04.07.2022","28,0700","29,1300","29,1300","28,0700","0,03K","-3,64%"
"01.07.2022","29,1300","29,7800","29,7800","29,1300","1,08K","-1,29%"
"30.06.2022","29,5100","29,9500","29,9500","29,5100","0,06K","-3,50%"
"29.06.2022","30,5800","30,5800","30,5800","30,5800","0,03K","-2,67%"
"28.06.2022","31,4200","31,4200","31,4200","31,4200","0,07K","2,81%"
"27.06.2022","30,5600","30,5600","30,5600","30,5600","","0,00%"
"24.06.2022","30,5600","30,5600","30,5600","30,5600","","0,00%"
"23.06.2022","30,5600","30,5600","30,5600","30,5600","0,00K","-2,08%"
"22.06.2022","31,2100","31,3400","31,3400","31,2100","2,53K","-1,61%"
"21.06.2022","31,7200","31,1900","31,7200","31,1900","0,20K","1,34%"
"20.06.2022","31,3000","31,3000","31,3000","31,3000","","0,00%"
"17.06.2022","31,3000","31,3000","31,3000","31,3000","0,01K","0,94%"
"16.06.2022","31,0100","31,0100","31,0100","31,0100","0,04K","-2,02%"
"15.06.2022","31,6500","31,5300","31,6500","31,5300","0,25K","2,13%"
"14.06.2022","30,9900","30,9900","30,9900","30,9900","0,00K","-1,12%"
"13.06.2022","31,3400","31,7200","31,7200","31,3400","0,82K","-4,16%"
"10.06.2022","32,7000","32,9800","32,9800","32,7000","0,32K","-4,72%"
"09.06.2022","34,3200","35,3300","35,3300","34,3200","0,37K","-4,00%"
"08.06.2022","35,7500","35,7500","35,7500","35,7500","2,50K","0,00%"
"07.06.2022","35,7500","35,7500","35,7500","35,7500","0,08K","1,25%"
"06.06.2022","35,3100","35,1900","35,3100","35,1900","1,62K","0,66%"
"03.06.2022","35,0800","35,0800","35,0800","35,0800","","0,00%"
"02.06.2022","35,0800","35,0800","35,0800","35,0800","0,04K","0,00%"
"01.06.2022","35,0800","34,9400","35,0800","34,9400","1,65K","-1,60%"
"31.05.2022","35,6500","35,6500","35,6500","35,6500","","0,00%"
"30.05.2022","35,6500","36,0000","36,0000","35,6500","0,53K","1,28%"
"27.05.2022","35,2000","35,2000","35,2000","35,2000","0,02K","3,20%"
"26.05.2022","34,1100","33,8500","34,1100","33,8500","0,61K","0,74%"
"25.05.2022","33,8600","33,4900","33,8600","33,4900","0,56K","0,30%"
"24.05.2022","33,7600","33,7900","33,7900","33,7600","0,50K","0,63%"
"23.05.2022","33,5500","33,5500","33,5500","33,5500","","0,00%"
"20.05.2022","33,5500","33,5500","33,5500","33,5500","","0,00%"
"19.05.2022","33,5500","33,0000","33,6500","33,0000","0,51K","0,15%"
"18.05.2022","33,5000","33,9400","33,9400","33,5000","0,06K","-1,47%"
"17.05.2022","34,0000","34,0000","34,0000","34,0000","0,03K","2,87%"
"16.05.2022","33,0500","33,0500","33,0500","33,0500","0,01K","0,06%"
"13.05.2022","33,0300","33,0300","33,0300","33,0300","0,07K","3,35%"
"12.05.2022","31,9600","32,4000","32,4000","31,8700","0,41K","-4,74%"
"11.05.2022","33,5500","33,7100","34,2700","33,5500","0,37K","1,91%"
"10.05.2022","32,9200","32,9200","32,9200","32,9200","","0,00%"
"09.05.2022","32,9200","33,6100","33,6100","32,9200","0,31K","-4,08%"
"06.05.2022","34,3200","35,1800","35,1800","34,3200","0,09K","-4,72%"
"05.05.2022","36,0200","36,3100","36,8200","36,0200","1,18K","0,67%"
"04.05.2022","35,7800","36,0600","36,0600","35,7000","0,44K","-1,43%"
"03.05.2022","36,3000","36,2500","36,3000","36,0500","0,41K","0,55%"
"02.05.2022","36,1000","35,4200","36,1000","35,4200","0,18K","-5,72%"
"29.04.2022","38,2900","38,9200","38,9200","38,2900","0,09K","-4,27%"
"28.04.2022","40,0000","40,0000","40,0000","40,0000","","0,00%"
"27.04.2022","40,0000","40,0000","40,0000","40,0000","0,01K","1,06%"
"26.04.2022","39,5800","39,5800","39,5800","39,5800","","0,00%"
"25.04.2022","39,5800","38,6600","39,5800","38,6600","0,22K","0,00%"
"22.04.2022","39,5800","39,5800","39,5800","39,5800","0,13K","-0,75%"
"21.04.2022","39,8800","39,9000","39,9000","39,7000","0,48K","1,24%"
"20.04.2022","39,3900","39,3900","39,3900","39,3900","","0,00%"
"19.04.2022","39,3900","40,5000","40,5000","39,3900","2,77K","-0,28%"
"14.04.2022","39,5000","38,9700","39,5000","38,9700","0,04K","1,80%"
"13.04.2022","38,8000","39,6500","39,6500","38,8000","1,43K","-3,79%"
"12.04.2022","40,3300","40,0000","40,3300","39,7900","0,13K","-1,27%"
"11.04.2022","40,8500","40,8500","40,8500","40,8500","0,01K","-0,32%"
"08.04.2022","40,9800","40,9800","40,9800","40,9800","","0,00%"
"07.04.2022","40,9800","41,4200","41,4200","40,9800","0,00K","-1,44%"
"06.04.2022","41,5800","43,4600","43,4600","41,5800","0,18K","-3,71%"
"05.04.2022","43,1800","43,1800","43,1800","43,1800","0,14K","1,50%"
"04.04.2022","42,5400","42,5400","42,5400","42,5400","","0,00%"
"01.04.2022","42,5400","42,5400","42,5400","42,5400","0,10K","0,14%"
"31.03.2022","42,4800","43,2500","43,2500","42,4800","1,10K","-1,78%"
"30.03.2022","43,2500","43,2500","43,2500","43,2500","0,06K","1,53%"
"29.03.2022","42,6000","42,6000","42,6000","42,6000","","0,00%"
"28.03.2022","42,6000","42,6000","42,6000","42,6000","","0,00%"
"25.03.2022","42,6000","42,6000","42,6000","42,6000","","0,00%"
"24.03.2022","42,6000","42,6300","42,8600","42,5000","0,25K","-1,27%"
"23.03.2022","43,1500","44,4200","44,4200","42,9900","0,48K","-1,28%"
"22.03.2022","43,7100","43,7000","43,7900","43,1300","0,21K","-0,52%"
"21.03.2022","43,9400","44,9400","44,9400","43,9400","0,76K","-3,58%"
"18.03.2022","45,5700","46,7200","46,7200","45,5700","0,00K","-3,41%"
"17.03.2022","47,1800","47,4500","47,4500","47,1800","0,10K","3,69%"
"16.03.2022","45,5000","45,5000","45,5000","45,5000","","0,00%"
"15.03.2022","45,5000","45,5000","45,5000","45,5000","0,03K","0,22%"
"14.03.2022","45,4000","45,4000","45,4000","45,4000","","0,00%"
"11.03.2022","45,4000","45,4000","45,4000","45,4000","0,03K","1,16%"
"10.03.2022","44,8800","44,8800","44,8800","44,8800","0,00K","-2,01%"
"09.03.2022","45,8000","45,5200","45,8500","45,5200","0,05K","6,26%"
"08.03.2022","43,1000","43,1000","43,1000","43,1000","0,01K","-3,79%"
"07.03.2022","44,8000","43,2300","44,8000","43,2300","0,14K","0,70%"
"04.03.2022","44,4900","45,1000","45,1000","44,4900","0,65K","-5,12%"
"03.03.2022","46,8900","46,8900","46,8900","46,8900","","0,00%"
"02.03.2022","46,8900","46,8900","46,8900","46,8900","","0,00%"
"01.03.2022","46,8900","46,8900","46,8900","46,8900","0,01K","1,49%"
"28.02.2022","46,2000","46,2000","46,2000","46,2000","0,03K","-0,92%"
"25.02.2022","46,6300","46,6300","46,6300","46,6300","0,02K","4,48%"
"24.02.2022","44,6300","44,8500","44,9800","44,6300","1,27K","-2,81%"
"23.02.2022","45,9200","45,9200","45,9200","45,9200","0,04K","0,26%"
"22.02.2022","45,8000","45,1800","45,8000","45,1800","0,31K","-0,63%"
"21.02.2022","46,0900","46,0900","46,0900","46,0900","0,00K","-2,37%"
"18.02.2022","47,2100","47,2100","47,2100","47,2100","0,23K","0,45%"
"17.02.2022","47,0000","47,5600","47,5600","47,0000","0,33K","-1,16%"
"16.02.2022","47,5500","47,5500","47,5500","47,5500","0,22K","0,49%"
"15.02.2022","47,3200","47,3200","47,3200","47,3200","0,22K","-0,38%"
"14.02.2022","47,5000","47,5000","47,5000","47,5000","","0,00%"
"11.02.2022","47,5000","46,6400","47,5000","46,5000","0,26K","-0,34%"
"10.02.2022","47,6600","48,3000","48,3000","47,6600","0,44K","-1,71%"
"09.02.2022","48,4900","48,4900","48,4900","48,4900","","0,00%"
"08.02.2022","48,4900","47,9700","48,4900","47,9700","0,83K","1,32%"
"07.02.2022","47,8600","47,8600","47,8600","47,8600","0,24K","-5,56%"
"04.02.2022","50,6800","50,6800","50,6800","50,6800","","0,00%"
"03.02.2022","50,6800","50,6800","50,6800","50,6800","","0,00%"
"02.02.2022","50,6800","50,6800","50,6800","50,6800","","0,00%"
"01.02.2022","50,6800","50,6800","50,6800","50,6800","0,10K","0,56%"
"31.01.2022","50,4000","50,4000","50,4000","50,4000","0,20K","-1,68%"
"28.01.2022","51,2600","51,0800","51,2600","51,0800","0,04K","1,50%"
"27.01.2022","50,5000","49,1100","50,8000","49,0200","2,88K","6,50%"
"26.01.2022","47,4200","47,4200","47,4200","47,4200","","0,00%"
"25.01.2022","47,4200","47,4200","47,4200","47,4200","0,08K","-1,60%"
"24.01.2022","48,1900","48,1900","48,1900","48,1900","","0,00%"
"21.01.2022","48,1900","48,1900","48,1900","48,1900","1,00K","-1,19%"
"20.01.2022","48,7700","48,8800","48,8800","48,7700","0,23K","2,96%"
"19.01.2022","47,3700","47,3700","47,3700","47,3700","","0,00%"
"18.01.2022","47,3700","47,4100","47,4100","47,3700","1,00K","-1,50%"
"17.01.2022","48,0900","48,4000","48,4000","48,0900","0,12K","-0,64%"
"14.01.2022","48,4000","48,4000","48,5600","48,4000","1,27K","0,19%"
"13.01.2022","48,3100","48,2900","48,3100","48,2900","0,03K","2,31%"
"12.01.2022","47,2200","46,9900","47,2200","46,8100","0,18K","1,16%"
"11.01.2022","46,6800","46,7900","46,7900","46,6800","0,07K","-0,04%"
"10.01.2022","46,7000","46,8600","48,2300","46,2800","1,21K","-1,46%"
"07.01.2022","47,3900","47,6200","47,8500","47,3900","1,12K","-3,93%"
"06.01.2022","49,3300","49,3300","49,3300","49,3300","","0,00%"
"05.01.2022","49,3300","49,2000","49,3300","49,2000","0,09K","0,06%"
"04.01.2022","49,3000","49,3000","49,3000","49,3000","0,20K","-0,20%"
"03.01.2022","49,4000","49,4400","49,4400","49,3800","1,43K","2,26%"
"30.12.2021","48,3100","48,3100","48,3100","48,3100","0,30K","-0,62%"
"29.12.2021","48,6100","48,7000","48,8000","48,6100","1,09K","0,56%"
"28.12.2021","48,3400","48,3400","48,3400","48,3400","0,03K","0,77%"
"27.12.2021","47,9700","47,9700","47,9700","47,9700","","0,00%"
"23.12.2021","47,9700","47,8600","47,9700","47,8100","0,79K","1,05%"
"22.12.2021","47,4700","47,4700","47,4700","47,4700","0,00K","-1,31%"
"21.12.2021","48,1000","48,1000","48,1000","48,1000","","0,00%"
"20.12.2021","48,1000","47,9400","48,1000","47,9400","0,08K","-0,76%"
"17.12.2021","48,4700","48,4700","48,4700","48,4700","","0,00%"
"16.12.2021","48,4700","49,1600","49,1600","48,4700","0,21K","-2,77%"
"15.12.2021","49,8500","49,8500","49,8500","49,8500","","0,00%"
"14.12.2021","49,8500","49,8500","49,8500","49,8500","0,02K","-0,42%"
"13.12.2021","50,0600","50,0600","50,0600","50,0600","0,06K","0,00%"
"10.12.2021","50,0600","50,0600","50,0600","50,0600","0,17K","-1,92%"
"09.12.2021","51,0400","51,0400","51,0400","51,0400","","0,00%"
"08.12.2021","51,0400","51,0400","51,0400","51,0400","","0,00%"
"07.12.2021","51,0400","51,0400","51,0400","51,0400","0,02K","7,75%"
"06.12.2021","47,3700","47,3700","47,3700","47,3700","","0,00%"
"03.12.2021","47,3700","47,3700","47,3700","47,3700","","0,00%"
"02.12.2021","47,3700","48,5000","48,5000","47,3700","0,25K","-3,72%"
"01.12.2021","49,2000","49,2700","49,2700","49,2000","0,06K","0,06%"
"30.11.2021","49,1700","48,2300","49,1700","48,2300","0,20K","-2,36%"
"29.11.2021","50,3600","50,3000","50,3600","50,3000","0,21K","1,68%"
"26.11.2021","49,5300","51,8800","51,8800","49,5300","1,11K","-5,33%"
"25.11.2021","52,3200","52,3200","52,3200","52,3200","","0,00%"
"24.11.2021","52,3200","48,7200","52,4800","48,5400","0,65K","4,44%"
"23.11.2021","50,0972","50,6784","50,6784","50,0972","0,04K","-2,37%"
"22.11.2021","51,3158","52,3095","52,3095","50,9784","0,04K","-1,93%"
"19.11.2021","52,3283","52,2158","52,3283","52,2158","0,45K","3,41%"
"18.11.2021","50,6034","50,7159","50,7159","50,6034","1,07K","-0,84%"
"17.11.2021","51,0346","50,9034","51,0346","50,7346","0,89K","-0,55%"
"16.11.2021","51,3158","51,3158","51,3158","51,3158","","0,00%"
"15.11.2021","51,3158","51,2971","51,3158","51,2971","0,20K","1,63%"
"12.11.2021","50,4909","49,9284","50,4909","49,9284","0,08K","2,20%"
"11.11.2021","49,4035","49,4035","49,4035","49,2160","1,09K","2,53%"
"10.11.2021","48,1848","48,1848","48,1848","48,1848","","0,00%"
"09.11.2021","48,1848","48,1848","48,1848","48,1848","0,11K","-0,04%"
"08.11.2021","48,2035","48,7660","48,7660","48,0535","1,77K","-1,12%"
"05.11.2021","48,7472","49,4972","49,4972","48,7472","1,03K","-3,56%"
"04.11.2021","50,5471","50,5471","50,5471","50,5471","0,04K","1,58%"
"03.11.2021","49,7597","49,7597","49,7597","49,7597","0,32K","-1,52%"
"02.11.2021","50,5284","53,9000","53,9000","53,9000","","0,00%"
"01.11.2021","50,5284","53,9000","53,9000","53,9000","","0,00%"
"29.10.2021","50,5284","50,5284","50,5284","50,5284","0,32K","0,00%"
"28.10.2021","50,5284","50,5284","50,5284","50,5284","0,05K","-0,37%"
"27.10.2021","50,7159","54,1000","54,1000","54,1000","","0,00%"
"26.10.2021","50,7159","54,1000","54,1000","54,1000","","0,00%"
"25.10.2021","50,7159","54,1000","54,1000","54,1000","","0,00%"
"22.10.2021","50,7159","50,7346","50,7346","50,7159","0,53K","0,33%"
"21.10.2021","50,5471","50,5471","50,5471","50,5471","0,53K","-0,59%"
"20.10.2021","50,8471","50,9034","50,9034","50,8471","0,19K","-0,29%"
"19.10.2021","50,9971","50,8284","50,9971","50,8284","0,18K","1,49%"
"18.10.2021","50,2472","50,2472","50,2472","50,2472","0,82K","1,09%"
"15.10.2021","49,7034","49,5347","49,7034","49,5347","0,36K","2,16%"
"14.10.2021","48,6535","48,6535","48,6535","48,6535","","0,00%"
"13.10.2021","48,6535","48,6535","48,6535","48,6535","0,09K","0,00%"
"12.10.2021","48,6535","48,6535","48,6535","48,6535","0,09K","-0,50%"
"11.10.2021","48,8972","52,1600","52,1600","52,1600","","0,00%"
"08.10.2021","48,8972","48,8972","48,8972","48,8972","0,82K","2,52%"
"07.10.2021","47,6973","47,6973","47,6973","47,6973","","0,00%"
"06.10.2021","47,6973","47,9223","47,9223","47,6973","0,21K","-3,60%"
"05.10.2021","49,4785","52,7800","52,7800","52,7800","","0,00%"
"04.10.2021","49,4785","52,7800","52,7800","52,7800","","0,00%"
"01.10.2021","49,4785","48,4098","49,4785","48,4098","0,55K","0,84%"
"30.09.2021","49,0660","49,9659","49,9659","49,0660","0,22K","-1,54%"
"29.09.2021","49,8347","49,8159","50,0597","49,8159","0,06K","-0,37%"
"28.09.2021","50,0222","50,9221","50,9221","50,0222","0,00K","-2,81%"
"27.09.2021","51,4658","52,5720","52,7033","51,4658","2,74K","1,22%"
"24.09.2021","50,8471","54,2400","54,2400","54,2400","","0,00%"
"23.09.2021","50,8471","51,0346","51,0346","50,8471","0,84K","1,76%"
"22.09.2021","49,9659","53,3000","53,3000","53,3000","","0,00%"
"21.09.2021","49,9659","50,2659","50,2659","49,9659","0,13K","1,64%"
"20.09.2021","49,1597","49,1597","49,1597","49,1597","0,81K","-1,28%"
"17.09.2021","49,7972","53,1200","53,1200","53,1200","","0,00%"
"16.09.2021","49,7972","53,1200","53,1200","53,1200","","0,00%"
"15.09.2021","49,7972","49,7972","49,7972","49,7972","0,10K","-0,67%"
"14.09.2021","50,1347","50,1347","50,1347","50,1347","0,03K","1,17%"
"13.09.2021","49,5534","49,5534","49,5534","49,5534","0,02K","0,53%"
"10.09.2021","49,2910","49,6284","49,6284","49,2910","0,01K","-1,79%"
"09.09.2021","50,1909","49,5347","50,2284","49,5347","1,49K","1,17%"
"08.09.2021","49,6097","50,2097","50,2097","49,6097","0,11K","-1,08%"
"07.09.2021","50,1534","50,5096","50,5096","50,1534","0,11K","-1,11%"
"06.09.2021","50,7159","50,8659","50,8659","50,6409","0,19K","-1,24%"
"03.09.2021","51,3533","51,3533","51,3533","51,3533","0,00K","-0,94%"
"02.09.2021","51,8408","52,2345","52,2345","51,8033","0,14K","-2,50%"
"01.09.2021","53,1720","53,0595","53,1720","53,0595","0,22K","-2,04%"
"31.08.2021","54,2782","54,2782","54,2782","54,2782","0,11K","-1,23%"
"30.08.2021","54,9531","58,6200","58,6200","58,6200","","0,00%"
"27.08.2021","54,9531","58,6200","58,6200","58,6200","","0,00%"
"26.08.2021","54,9531","58,6200","58,6200","58,6200","","0,00%"
"25.08.2021","54,9531","58,6200","58,6200","58,6200","","0,00%"
"24.08.2021","54,9531","54,9531","54,9531","54,9531","0,02K","-2,17%"
"23.08.2021","56,1718","56,5281","56,5281","56,1718","0,02K","-0,27%"
"20.08.2021","56,3218","60,0800","60,0800","60,0800","","0,00%"
"19.08.2021","56,3218","60,0800","60,0800","60,0800","","0,00%"
"18.08.2021","56,3218","56,2843","56,3218","56,2843","0,03K","1,25%"
"17.08.2021","55,6281","59,3400","59,3400","59,3400","","0,00%"
"16.08.2021","55,6281","59,3400","59,3400","59,3400","","0,00%"
"13.08.2021","55,6281","55,5344","55,6281","55,5344","0,20K","1,19%"
"12.08.2021","54,9719","54,9719","54,9719","54,9719","0,00K","0,96%"
"11.08.2021","54,4469","54,4469","54,4469","54,4469","","0,00%"
"10.08.2021","54,4469","54,5969","54,5969","54,4469","0,03K","-1,39%"
"09.08.2021","55,2156","55,2156","55,2156","55,2156","0,04K","1,55%"
"06.08.2021","54,3719","58,0000","58,0000","58,0000","","0,00%"
"05.08.2021","54,3719","58,0000","58,0000","58,0000","","0,00%"
"04.08.2021","54,3719","54,1844","54,3719","54,1844","1,16K","0,49%"
"03.08.2021","54,1094","54,1094","54,1094","54,1094","0,02K","0,07%"
"02.08.2021","54,0719","53,4532","54,0719","53,4532","0,64K","2,71%"
"30.07.2021","52,6470","52,8533","52,8533","52,6470","0,06K","-0,14%"
"29.07.2021","52,7220","52,7220","52,7220","52,7220","","0,00%"
"28.07.2021","52,7220","52,6095","52,7220","52,6095","0,14K","0,07%"
"27.07.2021","52,6845","52,4970","52,6845","52,4408","0,23K","-0,85%"
"26.07.2021","53,1345","52,4595","53,1345","52,3283","0,23K","-2,14%"
"23.07.2021","54,2969","54,4657","54,4657","54,2969","1,60K","-0,21%"
"22.07.2021","54,4094","54,4094","54,4094","54,4094","","0,00%"
"21.07.2021","54,4094","54,4094","54,4094","54,4094","0,11K","0,14%"
"20.07.2021","54,3344","54,7657","54,7657","54,3344","1,19K","0,38%"
"19.07.2021","54,1282","54,4657","54,5219","54,1282","1,10K","0,07%"
"16.07.2021","54,0907","57,7000","57,7000","57,7000","","0,00%"
"15.07.2021","54,0907","54,0907","54,0907","54,0907","0,04K","0,00%"
"14.07.2021","54,0907","54,5407","54,5407","54,0907","1,25K","-1,37%"
"13.07.2021","54,8406","55,0281","55,2344","54,8406","1,17K","0,00%"
"12.07.2021","54,8406","54,5969","54,8406","54,5969","0,75K","1,67%"
"09.07.2021","53,9407","53,9782","53,9782","53,5095","0,12K","1,16%"
"08.07.2021","53,3220","53,3220","53,3220","53,3220","","0,00%"
"07.07.2021","53,3220","53,0220","53,3220","53,0220","0,25K","1,10%"
"06.07.2021","52,7408","52,6845","52,7408","52,6845","0,15K","3,61%"
"05.07.2021","50,9034","54,3000","54,3000","54,3000","","0,00%"
"02.07.2021","50,9034","54,3000","54,3000","54,3000","","0,00%"
"01.07.2021","50,9034","54,3000","54,3000","54,3000","","0,00%"
"30.06.2021","50,9034","51,2034","51,2034","50,9034","0,00K","-0,62%"
"29.06.2021","51,2221","51,5221","51,5221","51,2221","1,07K","-0,76%"
"28.06.2021","51,6158","55,0600","55,0600","55,0600","","0,00%"
"25.06.2021","51,6158","55,0600","55,0600","55,0600","","0,00%"
"24.06.2021","51,6158","55,0600","55,0600","55,0600","","0,00%"
"23.06.2021","51,6158","51,2784","51,6158","51,2784","1,08K","2,72%"
"22.06.2021","50,2472","53,6000","53,6000","53,6000","","0,00%"
"21.06.2021","50,2472","53,6000","53,6000","53,6000","","0,00%"
"18.06.2021","50,2472","50,5096","50,5096","50,2472","1,23K","1,59%"
"17.06.2021","49,4597","49,9284","49,9284","49,4597","0,19K","-1,09%"
"16.06.2021","50,0034","50,0034","50,0034","50,0034","0,00K","-0,97%"
"15.06.2021","50,4909","50,4909","50,4909","50,4909","0,00K","-0,15%"
"14.06.2021","50,5659","50,3784","50,5659","50,3784","0,19K","0,30%"
"11.06.2021","50,4159","50,4534","50,5096","50,4159","1,13K","-0,30%"
"10.06.2021","50,5659","50,5096","50,5659","50,5096","0,36K","0,63%"
"09.06.2021","50,2472","50,2472","50,2472","50,2472","0,03K","-0,56%"
"08.06.2021","50,5284","50,1347","50,6034","50,1347","1,73K","1,51%"
"07.06.2021","49,7784","49,5534","49,7784","49,4222","0,87K","0,53%"
"04.06.2021","49,5159","52,8200","52,8200","52,8200","","0,00%"
"03.06.2021","49,5159","52,8200","52,8200","52,8200","","0,00%"
"02.06.2021","49,5159","49,3097","49,5159","49,3097","0,15K","1,42%"
"01.06.2021","48,8222","48,3910","48,8410","48,3910","0,20K","1,52%"
"31.05.2021","48,0910","48,0910","48,0910","48,0910","0,11K","-0,35%"
"28.05.2021","48,2598","48,1098","48,2598","48,0723","0,23K","0,78%"
"27.05.2021","47,8848","48,2410","48,2410","47,8848","0,63K","3,74%"
"26.05.2021","46,1599","45,9349","46,2630","45,9349","1,23K","-0,08%"
"25.05.2021","46,1974","47,8098","47,8098","46,0286","1,37K","-4,50%"
"24.05.2021","48,3723","51,6000","51,6000","51,6000","","0,00%"
"21.05.2021","48,3723","51,6000","51,6000","51,6000","","0,00%"
"20.05.2021","48,3723","48,2785","48,3723","48,2785","0,11K","-0,08%"
"19.05.2021","48,4098","51,6400","51,6400","51,6400","","0,00%"
"18.05.2021","48,4098","48,0348","48,4098","47,8285","0,19K","0,82%"
"17.05.2021","48,0160","48,2598","48,2973","47,9973","0,06K","1,23%"
"14.05.2021","47,4348","47,4348","47,4348","47,4348","0,09K","0,24%"
"13.05.2021","47,3223","50,4800","50,4800","50,4800","","0,00%"
"12.05.2021","47,3223","50,4800","50,4800","50,4800","","0,00%"
"11.05.2021","47,3223","48,0160","48,0160","47,2473","0,55K","-1,94%"
"10.05.2021","48,2598","48,7472","48,7472","48,1285","1,07K","0,08%"
"07.05.2021","48,2223","48,2035","48,2223","48,2035","0,19K","-1,08%"
"06.05.2021","48,7472","48,7472","48,7472","48,7472","0,04K","-1,55%"
"05.05.2021","49,5159","50,0597","50,0597","49,3847","0,13K","-0,04%"
"04.05.2021","49,5347","49,6847","49,6847","49,5347","1,78K","-4,00%"
"03.05.2021","51,5971","51,5971","51,5971","51,5971","0,11K","-0,86%"
"30.04.2021","52,0471","52,0471","52,0471","52,0471","","0,00%"
"29.04.2021","52,0471","52,1221","52,1221","52,0283","0,15K","-2,77%"
"28.04.2021","53,5282","57,1000","57,1000","57,1000","","0,00%"
"27.04.2021","53,5282","57,1000","57,1000","57,1000","","0,00%"
"26.04.2021","53,5282","57,1000","57,1000","57,1000","","0,00%"
"23.04.2021","53,5282","57,1000","57,1000","57,1000","","0,00%"
"22.04.2021","53,5282","53,5282","53,5470","53,5095","0,43K","-0,21%"
"21.04.2021","53,6407","57,2200","57,2200","57,2200","","0,00%"
"20.04.2021","53,6407","57,2200","57,2200","57,2200","","0,00%"
"19.04.2021","53,6407","52,4783","54,0344","52,4783","0,08K","-1,68%"
"16.04.2021","54,5594","58,2000","58,2000","58,2000","","0,00%"
"15.04.2021","54,5594","55,1781","55,1781","54,4844","0,34K","0,73%"
"14.04.2021","54,1657","54,1657","54,1657","54,1657","0,19K","-0,03%"
"13.04.2021","54,1844","54,1657","54,1844","54,1657","0,03K","-0,28%"
"12.04.2021","54,3344","54,4282","54,4282","54,3157","0,22K","-0,07%"
"09.04.2021","54,3719","54,3719","54,3719","54,3719","0,05K","0,87%"
"08.04.2021","53,9032","53,9032","53,9032","53,9032","0,15K","1,23%"
"07.04.2021","53,2470","53,2470","53,2470","53,2470","","0,00%"
"06.04.2021","53,2470","53,2095","53,2470","53,2095","0,01K","0,32%"
"01.04.2021","53,0783","53,0595","53,0783","53,0595","0,24K","1,76%"
"31.03.2021","52,1595","52,1595","52,1595","52,1595","0,03K","-0,25%"
"30.03.2021","52,2908","52,2908","52,2908","52,2908","0,02K","0,32%"
"29.03.2021","52,1221","52,4595","52,4595","52,1221","0,20K","-0,50%"
"26.03.2021","52,3845","55,8800","55,8800","55,8800","","0,00%"
"25.03.2021","52,3845","52,7220","52,7220","52,3845","0,05K","-1,62%"
"24.03.2021","53,2470","53,2470","53,2470","53,2470","0,04K","-0,53%"
"23.03.2021","53,5282","52,7220","53,5282","52,7220","0,25K","3,63%"
"22.03.2021","51,6533","55,1000","55,1000","55,1000","","0,00%"
"19.03.2021","51,6533","55,1000","55,1000","55,1000","","0,00%"
"18.03.2021","51,6533","51,6533","51,6533","51,6533","0,09K","-0,18%"
"17.03.2021","51,7471","55,2000","55,2000","55,2000","","0,00%"
"16.03.2021","51,7471","51,6721","51,7471","51,6721","1,48K","1,43%"
"15.03.2021","51,0159","51,0909","51,0909","50,9971","0,24K","0,37%"
"12.03.2021","50,8284","50,8284","50,8284","50,8284","0,05K","-0,11%"
"11.03.2021","50,8846","50,9034","50,9034","50,8846","0,98K","1,08%"
"10.03.2021","50,3409","50,3409","50,3409","50,3409","","0,00%"
"09.03.2021","50,3409","50,3409","50,3409","50,3409","0,11K","0,49%"
"08.03.2021","50,0972","50,2472","50,2472","50,0972","0,19K","-0,74%"
"05.03.2021","50,4721","53,8400","53,8400","53,8400","","0,00%"
"04.03.2021","50,4721","53,8400","53,8400","53,8400","","0,00%"
"03.03.2021","50,4721","53,8400","53,8400","53,8400","","0,00%"
"02.03.2021","50,4721","50,3409","50,4721","50,2659","0,56K","1,28%"
"01.03.2021","49,8347","53,1600","53,1600","53,1600","","0,00%"
"26.02.2021","49,8347","49,6847","49,8347","49,6847","0,05K","0,87%"
"25.02.2021","49,4035","52,7000","52,7000","52,7000","","0,00%"
"24.02.2021","49,4035","52,7000","52,7000","52,7000","","0,00%"
"23.02.2021","49,4035","50,1159","50,1159","49,4035","0,32K","-0,79%"
"22.02.2021","49,7972","49,7972","49,7972","49,7972","0,01K","-2,14%"
"19.02.2021","50,8846","54,2800","54,2800","54,2800","","0,00%"
"18.02.2021","50,8846","54,2800","54,2800","54,2800","","0,00%"
"17.02.2021","50,8846","50,8846","50,8846","50,8846","0,03K","-1,13%"
"16.02.2021","51,4658","54,9000","54,9000","54,9000","","0,00%"
"15.02.2021","51,4658","54,9000","54,9000","54,9000","","0,00%"
"12.02.2021","51,4658","54,9000","54,9000","54,9000","","0,00%"
"11.02.2021","51,4658","54,9000","54,9000","54,9000","","0,00%"
"10.02.2021","51,4658","54,9000","54,9000","54,9000","","0,00%"
"09.02.2021","51,4658","51,5033","51,5033","51,4658","0,04K","-0,51%"
"08.02.2021","51,7283","51,7283","51,7283","51,7283","0,19K","-0,61%"
"05.02.2021","52,0471","52,4408","52,4408","52,0471","0,11K","-0,68%"
"04.02.2021","52,4033","52,4033","52,4033","52,3845","0,89K","0,47%"
"03.02.2021","52,1595","55,6400","55,6400","55,6400","","0,00%"
"02.02.2021","52,1595","55,6400","55,6400","55,6400","","0,00%"
"01.02.2021","52,1595","55,6400","55,6400","55,6400","","0,00%"
"29.01.2021","52,1595","55,6400","55,6400","55,6400","","0,00%"
"28.01.2021","52,1595","55,6400","55,6400","55,6400","","0,00%"
"27.01.2021","52,1595","52,1595","52,1595","52,1595","0,79K","-0,43%"
"26.01.2021","52,3845","52,3845","52,3845","52,3845","0,43K","0,04%"
"25.01.2021","52,3658","51,5783","52,3658","51,5033","0,95K","1,79%"
"22.01.2021","51,4471","51,4471","51,4471","51,4471","0,02K","-1,72%"
"21.01.2021","52,3470","52,3470","52,3470","52,3470","0,43K","0,00%"
"20.01.2021","52,3470","52,3470","52,3470","52,3470","","0,00%"
"19.01.2021","52,3470","52,9095","52,9095","52,3470","0,81K","-0,32%"
"18.01.2021","52,5158","56,0200","56,0200","56,0200","","0,00%"
"15.01.2021","52,5158","52,5158","52,5158","52,5158","0,11K","-4,11%"
"14.01.2021","54,7657","58,4200","58,4200","58,4200","","0,00%"
"13.01.2021","54,7657","58,4200","58,4200","58,4200","","0,00%"
"12.01.2021","54,7657","58,4200","58,4200","58,4200","","0,00%"
"11.01.2021","54,7657","58,4200","58,4200","58,4200","","0,00%"
"08.01.2021","54,7657","58,4200","58,4200","58,4200","","0,00%"
"07.01.2021","54,7657","58,4200","58,4200","58,4200","","0,00%"
"06.01.2021","54,7657","54,7657","54,7657","54,7657","0,06K","-2,18%"
"05.01.2021","55,9843","59,7200","59,7200","59,7200","","0,00%"
"04.01.2021","55,9843","55,9843","55,9843","55,9843","0,01K","2,12%"
"30.12.2020","54,8219","58,4800","58,4800","58,4800","","0,00%"
"29.12.2020","54,8219","58,4800","58,4800","58,4800","","0,00%"
"28.12.2020","54,8219","54,8781","54,8781","54,8219","0,19K","1,35%"
"23.12.2020","54,0907","57,7000","57,7000","57,7000","","0,00%"
"22.12.2020","54,0907","54,0907","54,0907","54,0907","0,04K","1,98%"
"21.12.2020","53,0408","56,5800","56,5800","56,5800","","0,00%"
"18.12.2020","53,0408","56,5800","56,5800","56,5800","","0,00%"
"17.12.2020","53,0408","56,5800","56,5800","56,5800","","0,00%"
"16.12.2020","53,0408","56,5800","56,5800","56,5800","","0,00%"
"15.12.2020","53,0408","56,5800","56,5800","56,5800","","0,00%"
"14.12.2020","53,0408","56,5800","56,5800","56,5800","","0,00%"
"11.12.2020","53,0408","56,5800","56,5800","56,5800","","0,00%"
"10.12.2020","53,0408","56,5800","56,5800","56,5800","","0,00%"
"09.12.2020","53,0408","53,0408","53,0408","53,0408","0,01K","-0,35%"
"08.12.2020","53,2282","56,7800","56,7800","56,7800","","0,00%"
"07.12.2020","53,2282","56,7800","56,7800","56,7800","","0,00%"
"04.12.2020","53,2282","56,7800","56,7800","56,7800","","0,00%"
"03.12.2020","53,2282","56,7800","56,7800","56,7800","","0,00%"
"02.12.2020","53,2282","53,2282","53,2282","53,2282","0,14K","-0,73%"
"01.12.2020","53,6220","57,2000","57,2000","57,2000","","0,00%"
"30.11.2020","53,6220","53,6220","53,6220","53,6220","0,06K","1,38%"
"27.11.2020","52,8908","52,8720","52,8908","52,8720","0,38K","-0,60%"
"26.11.2020","53,2095","53,2095","53,2095","53,2095","0,21K","1,36%"
"25.11.2020","52,4970","51,3908","52,4970","51,3908","0,65K","1,52%"
"24.11.2020","51,7096","51,7658","51,7658","51,6158","0,22K","0,11%"
"23.11.2020","51,6533","55,1000","55,1000","55,1000","","0,00%"
"20.11.2020","51,6533","55,1000","55,1000","55,1000","","0,00%"
"19.11.2020","51,6533","55,1000","55,1000","55,1000","","0,00%"
"18.11.2020","51,6533","55,1000","55,1000","55,1000","","0,00%"
"17.11.2020","51,6533","51,8596","51,8596","51,6533","0,05K","-2,58%"
"16.11.2020","53,0220","53,0220","53,0220","53,0220","0,05K","-1,29%"
"13.11.2020","53,7157","57,3000","57,3000","57,3000","","0,00%"
"12.11.2020","53,7157","53,7157","53,7157","53,7157","0,08K","-1,04%"
"11.11.2020","54,2782","52,6470","54,2782","52,6470","0,39K","-1,76%"
"10.11.2020","55,2531","58,9400","58,9400","58,9400","","0,00%"
"09.11.2020","55,2531","56,1906","56,1906","55,2531","0,22K","-0,51%"
"06.11.2020","55,5344","55,5344","55,5344","55,5344","0,05K","0,00%"
"05.11.2020","55,5344","55,5344","55,5344","55,5344","0,09K","2,28%"
"04.11.2020","54,2969","54,1094","54,2969","54,1094","0,18K","3,06%"
"03.11.2020","52,6845","52,6845","52,6845","52,6845","","0,00%"
"02.11.2020","52,6845","52,6845","52,6845","52,6845","0,01K","4,66%"
"30.10.2020","50,3409","53,7000","53,7000","53,7000","","0,00%"
"29.10.2020","50,3409","53,7000","53,7000","53,7000","","0,00%"
"28.10.2020","50,3409","50,8284","50,8284","50,3409","0,13K","-6,90%"
"27.10.2020","54,0719","57,6800","57,6800","57,6800","","0,00%"
"26.10.2020","54,0719","57,6800","57,6800","57,6800","","0,00%"
"23.10.2020","54,0719","57,6800","57,6800","57,6800","","0,00%"
"22.10.2020","54,0719","54,0719","54,0719","54,0719","0,02K","-1,40%"
"21.10.2020","54,8406","58,5000","58,5000","58,5000","","0,00%"
"20.10.2020","54,8406","58,5000","58,5000","58,5000","","0,00%"
"19.10.2020","54,8406","58,5000","58,5000","58,5000","","0,00%"
"16.10.2020","54,8406","54,7657","54,8406","54,7657","0,18K","-1,85%"
"15.10.2020","55,8718","59,6000","59,6000","59,6000","","0,00%"
"14.10.2020","55,8718","59,6000","59,6000","59,6000","","0,00%"
"13.10.2020","55,8718","55,7968","55,8718","55,7968","0,80K","1,85%"
"12.10.2020","54,8594","54,8594","54,8594","54,8594","0,05K","-0,81%"
"09.10.2020","55,3094","59,0000","59,0000","59,0000","","0,00%"
"08.10.2020","55,3094","55,3094","55,3094","55,3094","0,03K","0,00%"
"07.10.2020","55,3094","59,0000","59,0000","59,0000","","0,00%"
"06.10.2020","55,3094","59,0000","59,0000","59,0000","","0,00%"
"05.10.2020","55,3094","55,3094","55,3094","55,3094","0,08K","-0,27%"
"02.10.2020","55,4594","59,1600","59,1600","59,1600","","0,00%"
"01.10.2020","55,4594","55,3094","55,5344","55,3094","0,25K","0,07%"
"30.09.2020","55,4219","55,4219","55,4219","55,4219","0,09K","2,14%"
"29.09.2020","54,2594","57,8800","57,8800","57,8800","","0,00%"
"28.09.2020","54,2594","54,2594","54,2594","54,2594","0,11K","0,94%"
"25.09.2020","53,7532","53,7532","53,7532","53,7532","0,16K","-1,07%"
"24.09.2020","54,3344","54,3344","54,3344","54,3344","0,01K","-0,17%"
"23.09.2020","54,4282","54,4282","54,4282","54,4282","0,00K","-1,59%"
"22.09.2020","55,3094","55,3094","55,3094","55,3094","0,11K","-2,67%"
"21.09.2020","56,8280","60,6200","60,6200","60,6200","","0,00%"
"18.09.2020","56,8280","56,8280","56,8280","56,8280","0,01K","0,03%"
"17.09.2020","56,8093","60,6000","60,6000","60,6000","","0,00%"
"16.09.2020","56,8093","60,6000","60,6000","60,6000","","0,00%"
"15.09.2020","56,8093","56,6405","56,8093","56,4718","0,27K","2,89%"
"14.09.2020","55,2156","58,9000","58,9000","58,9000","","0,00%"
"11.09.2020","55,2156","58,9000","58,9000","58,9000","","0,00%"
"10.09.2020","55,2156","58,9000","58,9000","58,9000","","0,00%"
"09.09.2020","55,2156","58,9000","58,9000","58,9000","","0,00%"
"08.09.2020","55,2156","58,9000","58,9000","58,9000","","0,00%"
"07.09.2020","55,2156","54,1282","55,2156","54,1282","0,14K","0,24%"
"04.09.2020","55,0844","55,0844","55,0844","55,0844","0,85K","-4,92%"
"03.09.2020","57,9342","58,9842","58,9842","57,9342","0,10K","0,23%"
"02.09.2020","57,8030","58,3092","58,3092","57,8030","0,21K","2,77%"
"01.09.2020","56,2468","56,2468","56,2468","56,2468","0,01K","1,04%"
"31.08.2020","55,6656","59,3800","59,3800","59,3800","","0,00%"
"28.08.2020","55,6656","59,3800","59,3800","59,3800","","0,00%"
"27.08.2020","55,6656","55,6656","55,6656","55,6656","0,03K","-1,17%"
"26.08.2020","56,3218","56,3218","56,3218","56,3218","0,21K","0,57%"
"25.08.2020","56,0031","56,0031","56,0031","56,0031","0,07K","-0,17%"
"24.08.2020","56,0968","56,0968","56,2843","56,0968","0,57K","2,22%"
"21.08.2020","54,8781","58,5400","58,5400","58,5400","","0,00%"
"20.08.2020","54,8781","58,5400","58,5400","58,5400","","0,00%"
"19.08.2020","54,8781","58,5400","58,5400","58,5400","","0,00%"
"18.08.2020","54,8781","58,5400","58,5400","58,5400","","0,00%"
"17.08.2020","54,8781","58,5400","58,5400","58,5400","","0,00%"
"14.08.2020","54,8781","58,5400","58,5400","58,5400","","0,00%"
"13.08.2020","54,8781","58,5400","58,5400","58,5400","","0,00%"
"12.08.2020","54,8781","54,8781","54,8781","54,8781","0,11K","3,72%"
"11.08.2020","52,9095","56,4400","56,4400","56,4400","","0,00%"
"10.08.2020","52,9095","56,4400","56,4400","56,4400","","0,00%"
"07.08.2020","52,9095","56,4400","56,4400","56,4400","","0,00%"
"06.08.2020","52,9095","56,4400","56,4400","56,4400","","0,00%"
"05.08.2020","52,9095","56,4400","56,4400","56,4400","","0,00%"
"04.08.2020","52,9095","52,9095","52,9095","52,9095","0,10K","3,86%"
"03.08.2020","50,9409","54,3400","54,3400","54,3400","","0,00%"
"31.07.2020","50,9409","54,3400","54,3400","54,3400","","0,00%"
"30.07.2020","50,9409","54,3400","54,3400","54,3400","","0,00%"
"29.07.2020","50,9409","54,3400","54,3400","54,3400","","0,00%"
"28.07.2020","50,9409","54,3400","54,3400","54,3400","","0,00%"
"27.07.2020","50,9409","54,3400","54,3400","54,3400","","0,00%"
"24.07.2020","50,9409","54,3400","54,3400","54,3400","","0,00%"
"23.07.2020","50,9409","54,3400","54,3400","54,3400","","0,00%"
"22.07.2020","50,9409","54,3400","54,3400","54,3400","","0,00%"
"21.07.2020","50,9409","54,3400","54,3400","54,3400","","0,00%"
"20.07.2020","50,9409","50,9034","50,9409","50,9034","0,02K","0,44%"
"17.07.2020","50,7159","54,1000","54,1000","54,1000","","0,00%"
"16.07.2020","50,7159","51,8783","51,8783","50,7159","0,12K","6,08%"
"15.07.2020","47,8098","51,0000","51,0000","51,0000","","0,00%"
"14.07.2020","47,8098","51,0000","51,0000","51,0000","","0,00%"
"13.07.2020","47,8098","51,0000","51,0000","51,0000","","0,00%"
"10.07.2020","47,8098","51,0000","51,0000","51,0000","","0,00%"
"09.07.2020","47,8098","51,0000","51,0000","51,0000","","0,00%"
"08.07.2020","47,8098","51,0000","51,0000","51,0000","","0,00%"
"07.07.2020","47,8098","47,8098","47,8098","47,8098","0,21K","-6,52%"
"06.07.2020","51,1471","54,5600","54,5600","54,5600","","0,00%"
"03.07.2020","51,1471","51,1659","51,1659","51,1471","0,53K","3,65%"
"02.07.2020","49,3472","52,6400","52,6400","52,6400","","0,00%"
"01.07.2020","49,3472","52,6400","52,6400","52,6400","","0,00%"
"30.06.2020","49,3472","52,6400","52,6400","52,6400","","-6,26%"
"29.06.2020","52,6400","52,6400","52,6400","52,6400","","0,00%"
"26.06.2020","52,6400","52,6400","52,6400","52,6400","","0,00%"
"25.06.2020","52,6400","52,6400","52,6400","52,6400","0,13K","-3,77%"
"24.06.2020","54,7000","54,7000","54,7000","54,7000","","0,00%"
"23.06.2020","54,7000","54,7000","54,7000","54,7000","0,38K","0,44%"
"22.06.2020","54,4600","54,4600","54,4600","54,4600","0,38K","-1,77%"
"19.06.2020","55,4400","55,3000","55,4400","55,3000","0,50K","1,32%"
"18.06.2020","54,7200","54,7200","54,7200","54,7200","0,14K","2,40%"
"17.06.2020","53,4400","53,4400","53,4400","53,4400","","0,00%"
"16.06.2020","53,4400","53,4400","53,4400","53,4400","","0,00%"
"15.06.2020","53,4400","53,4400","53,4400","53,4400","","0,00%"
"12.06.2020","53,4400","53,4400","53,4400","53,4400","","0,00%"
"11.06.2020","53,4400","53,4400","53,4400","53,4400","0,16K","-1,58%"
"10.06.2020","54,3000","54,3000","54,3000","54,3000","","0,00%"
"09.06.2020","54,3000","54,3000","54,3000","54,3000","","0,00%"
"08.06.2020","54,3000","54,3000","54,3000","54,3000","0,50K","-0,80%"
"05.06.2020","54,7400","56,0000","56,0000","54,7400","1,59K","0,85%"
"04.06.2020","54,2800","53,9800","54,2800","53,9800","0,51K","2,53%"
"03.06.2020","52,9400","52,9400","52,9400","52,9400","0,02K","1,15%"
"02.06.2020","52,3400","52,3200","52,3400","52,3200","0,50K","0,65%"
"01.06.2020","52,0000","52,0000","52,0000","52,0000","0,10K","0,08%"
"29.05.2020","51,9600","51,6000","51,9600","51,6000","0,05K","0,00%"
"28.05.2020","51,9600","50,5400","51,9600","50,5400","0,25K","2,24%"
"26.05.2020","50,8200","50,8200","50,8200","50,8200","0,01K","0,24%"
"25.05.2020","50,7000","50,7000","50,7000","50,7000","0,05K","4,88%"
"22.05.2020","48,3400","48,3400","48,3400","48,3400","0,06K","-1,73%"
"21.05.2020","49,1900","49,1900","49,1900","49,1900","0,10K","0,82%"
"20.05.2020","48,7900","49,1100","49,1100","48,7900","0,21K","0,81%"
"19.05.2020","48,4000","48,5500","48,5500","48,4000","0,20K","2,24%"
"18.05.2020","47,3400","47,3400","47,3400","47,3400","","0,00%"
"15.05.2020","47,3400","47,7900","47,7900","47,3400","0,09K","-1,07%"
"14.05.2020","47,8500","47,8500","47,8500","47,8500","0,01K","-0,93%"
"13.05.2020","48,3000","48,3000","48,3000","48,3000","0,10K","9,00%"
"12.05.2020","44,3100","44,3100","44,3100","44,3100","","0,00%"
"11.05.2020","44,3100","44,3100","44,3100","44,3100","","0,00%"
"08.05.2020","44,3100","44,3100","44,3100","44,3100","","0,00%"
"07.05.2020","44,3100","44,3100","44,3100","44,3100","","0,00%"
"06.05.2020","44,3100","44,3100","44,3100","44,3100","","0,00%"
"05.05.2020","44,3100","44,3100","44,3100","44,3100","","0,00%"
"04.05.2020","44,3100","44,3100","44,3100","44,3100","0,10K","-0,36%"
"30.04.2020","44,4700","44,4700","44,4700","44,4700","","0,00%"
"29.04.2020","44,4700","44,4700","44,4700","44,4700","0,05K","-2,97%"
"28.04.2020","45,8300","45,8300","45,8300","45,8300","","0,00%"
"27.04.2020","45,8300","45,8300","45,8300","45,8300","","0,00%"
"24.04.2020","45,8300","45,8300","45,8300","45,8300","","0,00%"
"23.04.2020","45,8300","45,8300","45,8300","45,8300","","0,00%"
"22.04.2020","45,8300","45,8300","45,8300","45,8300","","0,00%"
"21.04.2020","45,8300","45,8300","45,8300","45,8300","","0,00%"
"20.04.2020","45,8300","45,8300","45,8300","45,8300","","0,00%"
"17.04.2020","45,8300","45,8300","45,8300","45,8300","","0,00%"
"16.04.2020","45,8300","45,8300","45,8300","45,8300","","0,00%"
"15.04.2020","45,8300","45,8300","45,8300","45,8300","","0,00%"
"14.04.2020","45,8300","45,5900","45,8300","45,5900","1,83K","2,51%"
"09.04.2020","44,7100","44,7100","44,7100","44,7100","","0,00%"
"08.04.2020","44,7100","44,7100","44,7100","44,7100","","0,00%"
"07.04.2020","44,7100","44,7100","44,7100","44,7100","","0,00%"
"06.04.2020","44,7100","44,7100","44,7100","44,7100","0,10K","14,58%"
"03.04.2020","39,0200","39,0200","39,0200","39,0200","","0,00%"
"02.04.2020","39,0200","39,0200","39,0200","39,0200","","0,00%"
"01.04.2020","39,0200","39,0200","39,0200","39,0200","","0,00%"
"31.03.2020","39,0200","39,0200","39,0200","39,0200","","0,00%"
"30.03.2020","39,0200","39,0200","39,0200","39,0200","","0,00%"
"27.03.2020","39,0200","39,0200","39,0200","39,0200","","0,00%"
"26.03.2020","39,0200","39,0200","39,0200","39,0200","","0,00%"
"25.03.2020","39,0200","39,0200","39,0200","39,0200","","0,00%"
"24.03.2020","39,0200","39,0200","39,0200","39,0200","","0,00%"
"23.03.2020","39,0200","39,0200","39,0200","39,0200","","0,00%"
"20.03.2020","39,0200","39,0200","39,0200","39,0200","","0,00%"
"19.03.2020","39,0200","39,0200","39,0200","39,0200","","0,00%"
"18.03.2020","39,0200","39,0200","39,0200","39,0200","","0,00%"
"17.03.2020","39,0200","39,0200","39,0200","39,0200","","0,00%"
"16.03.2020","39,0200","39,8400","39,9600","39,0200","1,80K","-14,58%"
"13.03.2020","45,6800","43,9900","45,7200","43,8900","0,54K","0,71%"
"12.03.2020","45,3600","44,6700","45,3600","44,6700","0,55K","-3,41%"
"11.03.2020","46,9600","46,9600","46,9600","46,9600","0,08K","-4,40%"
"09.03.2020","49,1200","49,3500","49,3500","49,1200","0,05K","1,38%"
"02.03.2020","48,4500","48,4500","48,4500","48,4500","0,29K","-1,52%"
"28.02.2020","49,2000","48,8800","49,2600","48,8800","0,10K","-3,42%"
"27.02.2020","50,9400","51,6600","51,6600","50,9400","0,20K","-4,32%"
"25.02.2020","53,2400","51,3200","53,2400","51,3200","0,10K","-0,49%"
"18.02.2020","53,5000","53,1000","53,5000","53,1000","0,18K","0,75%"
"17.02.2020","53,1000","53,1000","53,1000","53,1000","0,10K","1,41%"
"13.02.2020","52,3600","52,2000","52,3600","52,2000","0,12K","1,47%"
"04.02.2020","51,6000","51,6000","51,6000","51,6000","0,04K","0,00%"
"30.01.2020","51,6000","51,6000","51,6000","51,6000","0,20K","1,49%"
"28.01.2020","50,8400","51,1600","51,1600","50,8400","0,62K","3,17%"
"15.01.2020","49,2800","49,2800","49,2800","49,2800","0,09K","2,86%"
"02.01.2020","47,9100","47,9100","47,9100","47,9100","0,50K","-0,02%"
"27.12.2019","47,9200","47,9200","47,9200","47,9200","0,11K","0,48%"
"23.12.2019","47,6900","47,7000","47,7000","47,6900","0,55K","0,32%"
"20.12.2019","47,5400","47,5400","47,5400","47,5400","0,56K","1,52%"
"17.12.2019","46,8300","46,8300","46,8300","46,8300","0,11K","1,89%"
"13.12.2019","45,9600","46,9800","46,9800","45,9600","0,19K","-2,73%"
"12.12.2019","47,2500","47,2500","47,2500","47,2500","0,11K","2,38%"
"09.12.2019","46,1500","46,1900","46,1900","46,1500","0,14K","0,20%"
"02.12.2019","46,0600","46,0600","46,0600","46,0600","0,02K","-3,48%"
"27.11.2019","47,7200","47,7200","47,7200","47,7200","0,35K","1,45%"
"25.11.2019","47,0400","47,0400","47,0400","47,0400","0,04K","-1,30%"
"19.11.2019","47,6600","47,6600","47,6600","47,6600","0,42K","-0,23%"
"18.11.2019","47,7700","47,7700","47,7700","47,7700","0,42K","1,72%"
"15.11.2019","46,9600","46,9600","46,9600","46,9600","0,06K","-0,09%"
"14.11.2019","47,0000","47,0000","47,0000","47,0000","0,00K","-1,69%"
"31.10.2019","47,8100","47,8100","47,8100","47,8100","0,21K","0,63%"
"30.10.2019","47,5100","47,5100","47,5100","47,5100","0,20K","0,66%"
"21.10.2019","47,2000","47,3500","47,3500","47,2000","0,26K","-2,20%"
"17.10.2019","48,2600","48,0800","48,2600","48,0800","0,40K","2,94%"
"11.10.2019","46,8800","46,8800","46,8800","46,8800","0,10K","-1,10%"
"09.10.2019","47,4000","47,4500","47,4500","47,4000","0,22K","0,42%"
"08.10.2019","47,2000","47,2000","47,2000","47,2000","0,05K","1,07%"
"04.10.2019","46,7000","46,6800","46,7000","46,6800","0,07K","0,04%"
"30.09.2019","46,6800","46,6800","46,6800","46,6800","0,10K","1,10%"
"27.09.2019","46,1700","46,1700","46,1700","46,1700","0,10K","0,37%"
"26.09.2019","46,0000","45,3900","46,0000","45,3900","1,25K","9,65%"
"13.09.2019","41,9500","41,8000","41,9500","41,7500","0,37K","-0,59%"
"12.09.2019","42,2000","42,0700","42,2000","42,0700","0,10K","-0,24%"
"11.09.2019","42,3000","42,3000","42,3000","42,3000","0,01K","-0,02%"
"09.09.2019","42,3100","42,8000","42,8500","42,1800","0,85K","-2,31%"
"06.09.2019","43,3100","43,3100","43,3100","43,3100","0,10K","0,02%"
"05.09.2019","43,3000","43,3000","43,3000","43,3000","0,25K","-3,35%"
"30.08.2019","44,8000","44,8000","44,8000","44,8000","0,33K","2,99%"
"20.08.2019","43,5000","43,6000","43,6000","43,5000","0,33K","-3,20%"
"19.08.2019","44,9400","44,9400","44,9400","44,9400","0,05K","1,95%"
"14.08.2019","44,0800","44,0800","44,0800","44,0800","0,04K","-0,72%"
"06.08.2019","44,4000","44,4000","44,4000","44,4000","0,15K","-2,57%"
"02.08.2019","45,5700","45,5700","45,5700","45,5700","0,36K","0,91%"
"30.07.2019","45,1600","45,1600","45,1600","45,1600","0,07K","1,46%"
"26.07.2019","44,5100","44,8000","44,8000","44,5100","0,18K","1,07%"
"17.07.2019","44,0400","44,0400","44,0400","44,0400","0,30K","0,16%"
"15.07.2019","43,9700","43,9700","43,9700","43,9700","0,03K","-0,81%"
"11.07.2019","44,3300","44,3300","44,3300","44,3300","0,10K","-0,96%"
"04.07.2019","44,7600","44,7600","44,7600","44,7600","0,01K","4,04%"
"02.07.2019","43,0200","43,0200","43,0200","43,0200","0,19K","1,27%"
"01.07.2019","42,4800","42,6700","42,6700","42,4800","0,20K","-1,42%"
"24.06.2019","43,0900","43,0700","43,0900","43,0700","0,15K","-1,69%"
"20.06.2019","43,8300","43,8300","43,8300","43,8300","0,03K","-2,56%"
"19.06.2019","44,9800","44,9800","44,9800","44,9800","0,03K","-2,28%"
"14.06.2019","46,0300","45,7700","46,0300","45,7700","0,51K","2,86%"
"11.06.2019","44,7500","44,7500","44,7500","44,7500","0,56K","-2,42%"
"06.06.2019","45,8600","46,5700","46,5700","45,8600","0,07K","-0,86%"
"29.05.2019","46,2600","46,2600","46,2600","46,2600","0,15K","-2,86%"
"24.05.2019","47,6200","47,6200","47,6200","47,6200","0,07K","-0,06%"
"21.05.2019","47,6500","47,6500","47,6500","47,6500","0,06K","0,36%"
"20.05.2019","47,4800","47,4800","47,4800","47,4800","0,07K","-1,04%"
"14.05.2019","47,9800","47,9800","47,9800","47,9800","0,01K","-1,72%"
"13.05.2019","48,8200","48,8200","48,8200","48,8200","0,03K","2,07%"
"10.05.2019","47,8300","47,8300","47,8300","47,8300","0,15K","6,15%"
"25.04.2019","45,0600","45,0600","45,0600","45,0600","0,28K","4,67%"
"05.03.2019","43,0500","42,6800","43,0500","42,6800","0,42K","1,60%"
"04.03.2019","42,3700","42,3800","42,3800","42,3700","0,40K","-0,87%"
"01.03.2019","42,7400","42,7400","42,7400","42,7400","0,15K","-3,11%"
"18.02.2019","44,1100","44,2000","44,2000","44,1100","0,35K","0,11%"
"15.02.2019","44,0600","44,0600","44,0600","44,0600","0,50K","1,92%"
"25.01.2019","43,2300","43,2300","43,2300","43,2300","0,10K","2,37%"
"24.01.2019","42,2300","42,2300","42,2300","42,2300","0,20K","1,42%"
"14.01.2019","41,6400","41,6400","41,6400","41,6400","0,06K","1,83%"
"11.01.2019","40,8900","40,8900","40,8900","40,8900","0,04K","1,39%"
"10.01.2019","40,3300","40,3300","40,3300","40,3300","0,04K","-2,02%"
"27.12.2018","41,1600","39,7900","41,1600","39,7900","0,16K","-1,25%"
"21.12.2018","41,6800","41,6800","41,6800","41,6800","0,05K","-1,26%"
"11.12.2018","42,2100","42,2100","42,2100","42,2100","0,15K","2,03%"
"05.12.2018","41,3700","41,3700","41,3700","41,3700","0,01K","-3,18%"
"03.12.2018","42,7300","42,7300","42,7300","42,7300","0,05K","-0,97%"
"27.11.2018","43,1500","43,1500","43,1500","43,1500","0,07K","3,01%"
"20.11.2018","41,8900","41,8900","41,8900","41,8900","0,02K","-3,37%"
"14.11.2018","43,3500","43,3500","43,3500","43,3500","0,45K","5,47%"
"07.11.2018","41,1000","41,1000","41,1000","41,1000","1,00K","3,01%"
"05.11.2018","39,9000","39,9000","39,9000","39,9000","0,12K","0,58%"
"08.10.2018","39,6700","39,7200","39,7200","39,6700","0,20K","-0,95%"
"04.10.2018","40,0500","40,0500","40,0500","40,0500","0,20K","-2,15%"
"02.10.2018","40,9300","40,9300","40,9300","40,9300","0,25K","-5,58%"
"17.09.2018","43,3500","43,3500","43,3500","43,3500","0,12K","1,03%"
"06.09.2018","42,9100","43,1800","43,1800","42,9100","0,15K","-2,39%"
"31.08.2018","43,9600","43,7100","43,9600","43,7100","1,15K","-1,88%"
"30.08.2018","44,8000","44,6300","44,8000","44,6300","0,08K","0,45%"
"29.08.2018","44,6000","44,6000","44,6000","44,6000","0,50K","2,08%"
"22.08.2018","43,6900","43,6900","43,6900","43,6900","0,08K","2,63%"
"14.08.2018","42,5700","42,5700","42,5700","42,5700","0,09K","2,28%"
"04.07.2018","41,6200","41,6200","41,6200","41,6200","0,20K","2,03%"
"25.06.2018","40,7900","40,7900","40,7900","40,7900","0,02K","-0,54%"
"22.06.2018","41,0100","41,0100","41,0100","41,0100","0,04K","-1,94%"
"15.06.2018","41,8200","41,8200","41,8200","41,8200","0,10K","2,55%"
"05.06.2018","40,7800","40,7800","40,7800","40,7800","0,02K","3,29%"
"28.05.2018","39,4800","39,4800","39,4800","39,4800","0,03K","0,71%"
"25.05.2018","39,2000","39,2000","39,2000","39,2000","0,22K","-0,51%"
"14.05.2018","39,4000","39,5000","39,5000","39,4000","0,06K","-3,19%"
"09.05.2018","40,7000","40,6400","40,7000","40,6400","0,52K","-1,43%"
"27.04.2018","41,2900","41,2900","41,2900","41,2900","0,10K","1,70%"
"26.04.2018","40,6000","40,5300","40,6000","40,5300","0,15K","2,14%"
"25.04.2018","39,7500","39,9000","39,9000","39,7500","0,15K","-2,38%"
"18.04.2018","40,7200","40,7200","40,7200","40,7200","0,02K","0,99%"
"06.04.2018","40,3200","40,3200","40,3200","40,3200","0,68K","1,92%"
"27.03.2018","39,5600","39,5600","39,5600","39,5600","0,21K","0,58%"
"20.03.2018","39,3300","39,3400","39,3400","39,3300","0,50K","3,09%"
"15.03.2018","38,1500","38,1500","38,1500","38,1500","0,03K","-1,14%"
"12.03.2018","38,5900","38,5900","38,5900","38,5900","0,01K","2,80%"
"06.03.2018","37,5400","37,5400","37,5400","37,5400","0,22K","2,29%"
"02.03.2018","36,7000","36,8500","36,8500","36,7000","0,88K","-3,32%"
"23.02.2018","37,9600","37,9600","37,9600","37,9600","0,04K","2,82%"
"16.02.2018","36,9200","36,9200","36,9200","36,9200","0,03K","0,11%"
"12.02.2018","36,8800","36,8700","36,8800","36,8700","0,40K","0,27%"
"08.02.2018","36,7800","36,7800","36,7800","36,7800","0,04K","-0,76%"
"07.02.2018","37,0600","36,7700","37,0600","36,5200","0,13K","-0,99%"
"05.02.2018","37,4300","37,4300","37,4300","37,4300","0,54K","-4,00%"
"01.02.2018","38,9900","38,9900","38,9900","38,9900","0,26K","-1,99%"
"30.01.2018","39,7800","39,9200","39,9200","39,7800","0,11K","0,45%"
"26.01.2018","39,6000","39,6000","39,6000","39,6000","0,29K","-0,95%"
"25.01.2018","39,9800","39,9800","39,9800","39,9800","0,60K","-2,01%"
"22.01.2018","40,8000","40,8000","40,8000","40,8000","0,09K","-0,24%"
"18.01.2018","40,9000","40,9000","40,9000","40,9000","1,00K","0,20%"
"16.01.2018","40,8200","40,4000","40,8200","40,4000","0,14K","1,09%"
"15.01.2018","40,3800","40,3800","40,3800","40,3800","0,80K","-0,20%"
"12.01.2018","40,4600","40,4600","40,4600","40,4600","0,05K","-0,88%"
"11.01.2018","40,8200","40,8200","40,8200","40,8200","0,29K","-0,92%"
"10.01.2018","41,2000","41,2000","41,2000","41,2000","0,05K","0,96%"
"22.12.2017","40,8100","40,8000","40,8100","40,8000","0,40K","-2,86%"
"18.12.2017","42,0100","41,2300","42,0100","41,1000","2,69K","3,14%"
"14.12.2017","40,7300","40,8300","40,8300","40,7300","0,18K","-1,52%"
"12.12.2017","41,3600","41,3600","41,3600","41,3600","0,08K","2,45%"
"06.12.2017","40,3700","40,3700","40,3700","40,3700","0,06K","-0,76%"
"05.12.2017","40,6800","40,6800","40,6800","40,6800","0,80K","4,68%"
"29.11.2017","38,8600","38,9900","39,0000","38,5100","0,92K","-1,87%"
"28.11.2017","39,6000","39,5700","39,6000","39,5700","0,06K","-0,38%"
"24.11.2017","39,7500","39,7400","39,7500","39,7400","0,25K","0,63%"
"14.11.2017","39,5000","39,5700","39,5700","39,5000","0,13K","1,28%"
"13.11.2017","39,0000","39,4100","39,4100","39,0000","0,38K","0,00%"
"09.11.2017","39,0000","39,0000","39,0000","39,0000","0,15K","-1,09%"
"08.11.2017","39,4300","38,6300","39,5300","38,6300","0,39K","1,10%"
"07.11.2017","39,0000","39,0000","39,0000","39,0000","0,08K","0,57%"
"03.11.2017","38,7800","38,7800","38,7800","38,7800","0,05K","0,65%"
"02.11.2017","38,5300","38,5300","38,5300","38,5300","0,80K","1,39%"
"31.10.2017","38,0000","38,0000","38,0000","38,0000","0,05K","3,29%"
"05.10.2017","36,7900","36,7900","36,7900","36,7900","0,25K","0,82%"
"15.09.2017","36,4900","36,4900","36,4900","36,4900","0,32K","0,00%"
"13.09.2017","36,4900","36,3900","36,4900","36,3900","0,29K","0,08%"
"12.09.2017","36,4600","36,4900","36,5300","36,4600","0,49K","0,61%"
"08.09.2017","36,2400","36,2400","36,2400","36,2400","0,06K","1,74%"
"06.09.2017","35,6200","35,6100","36,1200","35,6100","1,88K","1,45%"
"28.08.2017","35,1100","35,1100","35,1100","35,1100","0,02K","-1,15%"
"22.08.2017","35,5200","35,5200","35,5200","35,5200","0,04K","1,28%"
"11.08.2017","35,0700","35,0700","35,0700","35,0700","0,35K","-1,57%"
"09.08.2017","35,6300","35,6300","35,6300","35,6300","0,08K","0,82%"
"02.08.2017","35,3400","35,3400","35,3400","35,3400","0,48K","2,58%"
"25.07.2017","34,4500","34,4500","34,4500","34,4500","0,10K","0,15%"
"24.07.2017","34,4000","34,6000","34,6100","34,4000","1,22K","-5,29%"
"16.06.2017","36,3200","36,3200","36,3200","36,3200","0,01K","-0,66%"
"15.06.2017","36,5600","36,5600","36,5600","36,5600","0,01K","1,78%"
"13.06.2017","35,9200","35,9200","35,9200","35,9200","0,13K","4,03%"
"24.05.2017","34,5300","34,7700","34,8700","34,5300","2,04K","-0,63%"
"22.05.2017","34,7500","34,7500","34,7500","34,7500","0,80K","3,42%"
"02.05.2017","33,6000","33,6000","33,6000","33,6000","0,33K","1,82%"
"31.03.2017","33,0000","33,0000","33,0000","33,0000","0,09K","1,32%"
"28.03.2017","32,5700","32,5700","32,5700","32,5700","0,20K","-0,06%"
"20.03.2017","32,5900","32,5900","32,5900","32,5900","0,05K","-0,12%"
"17.03.2017","32,6300","32,5000","32,6300","32,5000","0,15K","-0,12%"
"16.03.2017","32,6700","32,5200","32,6700","32,5200","0,19K","1,87%"
"14.03.2017","32,0700","32,0700","32,0700","32,0700","0,05K","-0,16%"
"13.03.2017","32,1200","32,0800","32,1200","32,0800","0,11K","-1,14%"
"10.03.2017","32,4900","32,4900","32,4900","32,4900","0,25K","-0,03%"
"09.03.2017","32,5000","32,4900","32,5000","32,4900","1,38K","-0,88%"
"03.03.2017","32,7900","32,7900","32,7900","32,7900","0,06K","0,40%"
"28.02.2017","32,6600","32,6600","32,6600","32,6600","0,11K","-0,27%"
"16.02.2017","32,7500","32,7500","32,7500","32,7500","0,33K","0,34%"
"15.02.2017","32,6400","32,5800","32,6400","32,5800","0,64K","1,56%"
"10.02.2017","32,1400","32,1000","32,1400","32,0800","0,12K","0,12%"
"09.02.2017","32,1000","31,9700","32,1000","31,9700","0,63K","0,25%"
"08.02.2017","32,0200","32,0200","32,0200","32,0200","0,04K","2,53%"
"07.02.2017","31,2300","30,6200","31,2300","30,6200","0,60K","1,73%"
"06.02.2017","30,7000","30,7000","30,7000","30,7000","0,30K","-0,03%"
"02.02.2017","30,7100","30,7100","30,7100","30,7100","0,49K","-0,45%"
"01.02.2017","30,8500","30,6000","30,8500","30,6000","0,35K","2,97%"
"26.01.2017","29,9600","29,9600","29,9600","29,9600","0,68K","-1,29%"
"24.01.2017","30,3500","30,3500","30,3500","30,3500","0,05K","0,17%"
"23.01.2017","30,3000","30,3000","30,3000","30,3000","0,05K","-3,04%"
"12.01.2017","31,2500","31,2500","31,2500","31,2500","0,05K","-0,19%"
"09.01.2017","31,3100","31,3100","31,3100","31,3100","0,05K","0,22%"
"05.01.2017","31,2400","31,2400","31,2400","31,2400","0,12K","2,16%"
"04.01.2017","30,5800","30,5800","30,5800","30,5800","0,05K","-1,48%"
"03.01.2017","31,0400","31,0400","31,0400","31,0400","0,05K","1,64%"
"23.12.2016","30,5400","30,1600","30,5400","30,1600","0,20K","1,19%"
"22.12.2016","30,1800","30,1800","30,1800","30,1800","0,05K","0,57%"
"21.12.2016","30,0100","30,0100","30,0100","30,0100","0,05K","-0,03%"
"19.12.2016","30,0200","30,0200","30,0200","30,0200","0,15K","1,66%"
"16.12.2016","29,5300","29,5300","29,5300","29,5300","0,05K","-0,30%"
"15.12.2016","29,6200","29,2300","29,6200","29,2300","0,53K","-0,87%"
"14.12.2016","29,8800","29,8800","29,8800","29,8800","0,05K","-0,07%"
"13.12.2016","29,9000","29,9000","29,9000","29,9000","0,05K","1,39%"
"12.12.2016","29,4900","29,4900","29,4900","29,4900","0,05K","0,48%"
"08.12.2016","29,3500","29,3500","29,3500","29,3500","0,22K","-2,23%"
"07.12.2016","30,0200","29,6600","30,0200","29,6600","0,37K","2,81%"
"06.12.2016","29,2000","29,2000","29,2000","29,2000","0,05K","-0,65%"
"05.12.2016","29,3900","29,6900","29,6900","29,3900","0,29K","-0,71%"
"01.12.2016","29,6000","29,6000","29,6000","29,6000","0,02K","-4,73%"
"30.11.2016","31,0700","31,0700","31,0700","31,0700","0,05K","1,40%"
"24.11.2016","30,6400","30,6400","30,6400","30,6400","0,05K","-1,03%"
"23.11.2016","30,9600","30,9600","30,9600","30,9600","0,10K","1,47%"
"18.11.2016","30,5100","30,5100","30,5100","30,5100","0,05K","0,10%"
"17.11.2016","30,4800","30,4900","30,5000","30,4800","1,24K","-0,23%"
"16.11.2016","30,5500","30,5500","30,5500","30,5500","0,05K","-0,71%"
"15.11.2016","30,7700","30,7700","30,7700","30,7700","0,10K","1,89%"
"14.11.2016","30,2000","30,4900","30,4900","30,2000","0,10K","-1,79%"
"11.11.2016","30,7500","30,3300","30,7500","30,3300","0,10K","-0,13%"
"10.11.2016","30,7900","30,7900","30,7900","30,7900","0,06K","-3,72%"
"03.11.2016","31,9800","32,6900","32,9400","31,9800","3,50K","-6,05%"
"26.09.2016","34,0400","34,0400","34,0400","34,0400","0,20K","55,08%"